Unnamed: 0,Name,Location,Year,Kilometers_Driven,Owner_Type,Mileage,Engine,Power,Seats,New_Price,Price,Fuel_Diesel,Fuel_Petrol,Transmission_Automatic,Transmission_Manual,Current_Age,Age
2,Honda Jazz V,Chennai,2011,46000,First,13.0,1199.0,88.7,5.0,8.61 Lakh,4.5,False,True,False,True,13,13
7,Toyota Innova Crysta 2.8 GX AT 8S,Mumbai,2016,36000,First,11.36,2755.0,171.5,8.0,21 Lakh,17.5,True,False,True,False,8,8
10,Maruti Ciaz Zeta,Kochi,2018,25692,First,21.56,1462.0,103.25,5.0,10.65 Lakh,9.95,False,True,False,True,6,6
15,Mitsubishi Pajero Sport 4X4,Delhi,2014,110000,First,13.5,2477.0,175.56,7.0,32.01 Lakh,15.0,True,False,False,True,10,10
20,BMW 3 Series 320d,Kochi,2014,32982,First,22.69,1995.0,190.0,5.0,47.87 Lakh,18.55,True,False,True,False,10,10
28,Honda WRV i-VTEC VX,Kochi,2018,37430,First,17.5,1199.0,88.7,5.0,10.57 Lakh,9.9,False,True,False,True,6,6
34,Volkswagen Vento 1.6 Highline,Coimbatore,2014,55431,Second,16.09,1598.0,103.5,5.0,12.33 Lakh,6.98,False,True,False,True,10,10
36,Maruti Vitara Brezza ZDi Plus,Kochi,2018,50075,First,24.3,1248.0,88.5,5.0,11.12 Lakh,8.63,True,False,False,True,6,6
44,Hyundai Elantra 2.0 SX Option AT,Bangalore,2014,46374,First,14.62,1999.0,149.92,5.0,23.64 Lakh,8.85,False,True,True,False,10,10
47,Toyota Innova Crysta 2.7 GX MT,Bangalore,2012,70704,First,11.25,2694.0,163.7,7.0,18.64 Lakh,10.95,False,True,False,True,12,12
60,Toyota Innova Crysta 2.4 GX MT 8S,Mumbai,2017,22000,First,13.68,2393.0,147.8,8.0,19.34 Lakh,16.5,True,False,False,True,7,7
67,Mercedes-Benz C-Class Progressive C 220d,Coimbatore,2019,15369,First,0.0,1950.0,194.0,5.0,49.14 Lakh,35.67,True,False,True,False,5,5
69,Hyundai Creta 1.4 E Plus Diesel,Mumbai,2018,13000,First,22.1,1396.0,88.7,5.0,11.81 Lakh,10.5,True,False,False,True,6,6
73,Nissan Terrano XV D Pre,Kochi,2015,56066,First,19.64,1461.0,108.5,5.0,16.65 Lakh,6.92,True,False,False,True,9,9
81,Tata Zest Revotron 1.2T XE,Pune,2017,70000,First,17.57,1193.0,88.7,5.0,6.67 Lakh,4.5,False,True,False,True,7,7
102,Datsun GO Plus T Petrol,Pune,2017,32851,First,19.83,1198.0,67.0,7.0,6.45 Lakh,3.95,False,True,False,True,7,7
106,Toyota Etios Liva 1.2 G,Ahmedabad,2014,53000,First,17.71,1197.0,78.9,5.0,6.41 Lakh,3.9,False,True,False,True,10,10
110,Toyota Innova Crysta 2.8 ZX AT,Mumbai,2017,30000,First,11.36,2755.0,171.5,7.0,27 Lakh,19.25,True,False,True,False,7,7
111,Maruti Eeco 5 Seater AC,Coimbatore,2017,38053,First,15.1,1196.0,73.0,5.0,5.13 Lakh,3.91,False,True,False,True,7,7
113,BMW 3 Series 320d Luxury Line,Mumbai,2015,56087,First,22.69,1995.0,190.0,5.0,54.43 Lakh,20.75,True,False,True,False,9,9
117,Nissan Micra XV CVT,Coimbatore,2016,39882,First,19.15,1198.0,75.94,5.0,9.51 Lakh,6.55,False,True,True,False,8,8
119,Maruti Vitara Brezza VDi,Mumbai,2016,55000,First,24.3,1248.0,88.5,5.0,9.96 Lakh,7.5,True,False,False,True,8,8
122,Hyundai Verna CRDi 1.6 SX Option,Kolkata,2018,10250,First,22.0,1582.0,126.2,5.0,14.44 Lakh,10.95,True,False,False,True,6,6
133,Maruti Alto K10 VXI,Hyderabad,2014,88500,First,24.07,998.0,67.1,5.0,4.53 Lakh,2.6,False,True,False,True,10,10
134,Mercedes-Benz SLC 43 AMG,Kolkata,2017,13372,First,19.0,2996.0,362.07,2.0,95.04 Lakh,54.0,False,True,True,False,7,7
135,Hyundai Verna VTVT 1.6 AT SX Plus,Kochi,2019,12645,First,17.0,1591.0,121.3,5.0,13.49 Lakh,11.5,False,True,True,False,5,5
148,Audi RS5 Coupe,Mumbai,2013,23000,First,11.05,2894.0,444.0,4.0,1.28 Cr,37.0,False,True,True,False,11,11
149,BMW 3 Series Luxury Line,Mumbai,2014,48000,First,21.76,1995.0,190.0,5.0,60.88 Lakh,26.5,True,False,True,False,10,10
173,Hyundai Grand i10 1.2 Kappa Asta,Kolkata,2019,1000,First,18.9,1197.0,81.86,5.0,7.39 Lakh,6.5,False,True,False,True,5,5
182,BMW 5 Series 520d Luxury Line,Hyderabad,2014,51000,First,22.48,1995.0,190.0,5.0,69.47 Lakh,33.5,True,False,True,False,10,10
187,Maruti Baleno Alpha,Kochi,2017,24773,First,21.4,1197.0,83.1,5.0,8.78 Lakh,7.5,False,True,False,True,7,7
193,Maruti Ertiga ZDI,Mumbai,2016,33000,First,25.47,1248.0,88.5,7.0,12.74 Lakh,8.5,True,False,False,True,8,8
200,Mahindra NuvoSport N6,Chennai,2017,29000,Second,17.45,1493.0,100.0,7.0,10.52 Lakh,6.5,True,False,False,True,7,7
201,Maruti Vitara Brezza ZDi Plus Dual Tone,Mumbai,2016,20000,First,24.3,1248.0,88.5,5.0,11.98 Lakh,9.0,True,False,False,True,8,8
210,Honda Amaze S Diesel,Kolkata,2013,45000,First,27.4,1498.0,98.6,5.0,8.54 Lakh,3.25,True,False,False,True,11,11
219,Skoda Superb Style 1.8 TSI AT,Hyderabad,2017,26000,First,14.67,1798.0,177.46,5.0,33.58 Lakh,26.0,False,True,True,False,7,7
223,Mahindra Verito 1.5 D4 BSIV,Hyderabad,2013,107000,First,21.03,1461.0,65.0,5.0,9.12 Lakh,3.7,True,False,False,True,11,11
225,Maruti Wagon R VXI,Kolkata,2013,32000,First,22.5,998.0,67.04,5.0,5.29 Lakh,2.65,False,True,False,True,11,11
228,Mini Cooper Convertible S,Kochi,2017,26327,First,16.82,1998.0,189.08,4.0,44.28 Lakh,35.67,False,True,True,False,7,7
235,Toyota Innova Crysta 2.8 GX AT,Kochi,2019,14165,First,11.36,2755.0,171.5,7.0,20.74 Lakh,19.64,True,False,True,False,5,5
237,Honda City i-VTEC V,Kolkata,2011,32572,First,17.4,1497.0,117.3,5.0,11.74 Lakh,3.87,False,True,False,True,13,13
256,Toyota Innova Crysta 2.4 ZX MT,Pune,2017,43000,First,13.68,2393.0,147.8,7.0,25.52 Lakh,18.65,True,False,False,True,7,7
261,Hyundai Verna CRDi 1.6 SX,Hyderabad,2008,143275,First,22.0,1582.0,126.2,5.0,14.07 Lakh,2.6,True,False,False,True,16,16
264,Mercedes-Benz GLE 350d,Coimbatore,2017,29819,First,11.57,2987.0,254.79,5.0,95.13 Lakh,61.29,True,False,True,False,7,7
277,Tata Zest Quadrajet 1.3 75PS XE,Pune,2017,121900,First,22.95,1248.0,74.0,5.0,8.34 Lakh,3.75,True,False,False,True,7,7
290,Tata Zest Quadrajet 1.3 75PS XE,Pune,2018,45000,First,22.95,1248.0,74.0,5.0,8.34 Lakh,5.25,True,False,False,True,6,6
293,Honda Jazz VX,Delhi,2015,62178,First,18.2,1199.0,88.7,5.0,8.85 Lakh,4.85,False,True,False,True,9,9
298,Toyota Innova Crysta 2.4 ZX MT,Chennai,2016,48000,First,13.68,2393.0,147.8,7.0,25.4 Lakh,20.25,True,False,False,True,8,8
303,Honda City i-VTEC CVT ZX,Mumbai,2017,15000,First,18.0,1497.0,117.3,5.0,16.67 Lakh,12.69,False,True,True,False,7,7
310,Mercedes-Benz GLE 250d,Hyderabad,2017,29000,First,17.9,2143.0,201.15,5.0,79.43 Lakh,57.0,True,False,True,False,7,7
314,Honda Brio 1.2 VX MT,Kochi,2012,91931,First,18.5,1198.0,86.8,5.0,6.62 Lakh,3.13,False,True,False,True,12,12
327,Audi Q7 45 TDI Quattro Technology,Coimbatore,2017,97430,First,14.75,2967.0,245.0,7.0,1.04 Cr,62.67,True,False,True,False,7,7
343,Maruti Vitara Brezza LDi,Chennai,2016,45000,First,24.3,1248.0,88.5,5.0,9.12 Lakh,7.15,True,False,False,True,8,8
348,BMW 3 Series Luxury Line,Kochi,2015,30717,Second,21.76,1995.0,190.0,5.0,58.67 Lakh,25.99,True,False,True,False,9,9
351,Skoda Octavia RS,Jaipur,2005,100000,First,14.45,1984.0,227.0,5.0,28.37 Lakh,2.05,False,True,True,False,19,19
352,Maruti Alto K10 VXI,Pune,2017,30000,First,24.07,998.0,67.1,5.0,4.48 Lakh,3.75,False,True,False,True,7,7
355,Jaguar XF 2.0 Diesel Portfolio,Hyderabad,2017,21000,First,19.33,1999.0,177.0,5.0,72.64 Lakh,52.0,True,False,True,False,7,7
357,Skoda Superb L&K 1.8 TSI AT,Kochi,2019,13747,First,14.67,1798.0,177.46,5.0,36.15 Lakh,27.3,False,True,True,False,5,5
365,Mini Clubman Cooper S,Pune,2017,8350,First,13.8,1998.0,192.0,5.0,44.59 Lakh,35.0,False,True,False,True,7,7
372,Maruti Vitara Brezza ZDi Plus,Hyderabad,2017,39000,First,24.3,1248.0,88.5,5.0,12 Lakh,9.49,True,False,False,True,7,7
380,Honda BRV i-VTEC V CVT,Kochi,2017,35676,First,16.0,1497.0,117.3,7.0,14.65 Lakh,9.48,False,True,True,False,7,7
389,Jaguar XE Portfolio,Mumbai,2017,9000,First,13.5,1999.0,246.74,5.0,53.72 Lakh,34.5,False,True,True,False,7,7
401,Mitsubishi Pajero Sport 4X2 AT DualTone BlackTop,Hyderabad,2018,12000,First,13.5,2477.0,175.56,7.0,33.91 Lakh,28.0,True,False,True,False,6,6
413,BMW 3 Series Luxury Line,Mumbai,2015,41000,First,21.76,1995.0,190.0,5.0,60.88 Lakh,25.5,True,False,True,False,9,9
414,Honda BR-V i-VTEC S MT,Pune,2017,9000,First,15.4,1497.0,117.3,7.0,12.51 Lakh,8.5,False,True,False,True,7,7
417,Hyundai i20 Active SX Petrol,Jaipur,2017,40250,First,17.19,1197.0,81.86,5.0,9.74 Lakh,6.9,False,True,False,True,7,7
418,Mercedes-Benz GLC 43 AMG Coupe,Coimbatore,2018,22397,First,11.5,2996.0,367.0,5.0,95.38 Lakh,70.99,False,True,True,False,6,6
423,Audi A6 35 TFSI Matrix,Mumbai,2016,47000,First,15.26,1798.0,187.74,5.0,60.59 Lakh,24.5,False,True,True,False,8,8
427,Mini Cooper Convertible S,Mumbai,2014,11900,First,16.82,1998.0,189.08,4.0,44.28 Lakh,28.5,False,True,True,False,10,10
442,Mahindra Bolero ZLX,Coimbatore,2016,82756,First,15.96,2523.0,62.1,7.0,11.28 Lakh,7.7,True,False,False,True,8,8
446,Volkswagen Vento 1.6 Comfortline,Mumbai,2017,15000,Second,16.09,1598.0,103.5,5.0,11.48 Lakh,7.1,False,True,False,True,7,7
456,Maruti S-Cross Delta DDiS 200 SH,Delhi,2018,12923,First,25.1,1248.0,88.5,5.0,11.26 Lakh,8.92,True,False,False,True,6,6
457,Audi Q3 35 TDI Quattro Premium Plus,Coimbatore,2016,86642,First,15.17,1968.0,181.0,5.0,43.65 Lakh,20.37,True,False,True,False,8,8
458,BMW 3 Series Luxury Line,Bangalore,2016,19235,First,21.76,1995.0,190.0,5.0,62.07 Lakh,36.5,True,False,True,False,8,8
473,Mercedes-Benz E-Class E 220 d,Kochi,2018,26405,First,12.6,1950.0,191.34,5.0,86.97 Lakh,51.43,False,True,True,False,6,6
489,Mercedes-Benz GLS 350d 4MATIC,Pune,2017,129000,First,11.0,2987.0,258.0,7.0,1 Cr,56.0,True,False,True,False,7,7
518,Maruti Wagon R LXI,Ahmedabad,2012,30000,First,22.5,998.0,67.04,5.0,4.74 Lakh,3.3,False,True,False,True,12,12
519,Hyundai Creta 1.6 SX,Chennai,2016,69434,First,15.8,1591.0,121.3,5.0,14.84 Lakh,8.0,False,True,False,True,8,8
544,Mercedes-Benz New C-Class Progressive C 200,Kochi,2019,13190,First,0.0,1950.0,181.43,5.0,49.49 Lakh,38.99,False,True,True,False,5,5
549,BMW X1 sDrive 20d xLine,Coimbatore,2017,31645,First,20.68,1995.0,190.0,5.0,48.18 Lakh,29.4,True,False,True,False,7,7
555,Maruti Ertiga ZDI,Pune,2013,105000,Second,25.47,1248.0,88.5,7.0,12.34 Lakh,6.75,True,False,False,True,11,11
558,Skoda Rapid 1.5 TDI Style,Hyderabad,2017,31000,First,21.13,1498.0,108.4,5.0,15.38 Lakh,10.5,True,False,False,True,7,7
562,Toyota Innova Crysta 2.8 GX AT,Ahmedabad,2016,100200,First,11.36,2755.0,171.5,7.0,19.21 Lakh,17.0,True,False,True,False,8,8
568,Jeep Compass 2.0 Limited,Jaipur,2018,29000,First,17.1,1956.0,170.0,5.0,22.95 Lakh,19.0,True,False,False,True,6,6
573,Mahindra Bolero ZLX,Jaipur,2012,105000,Second,15.96,2523.0,62.1,7.0,11.15 Lakh,6.0,True,False,False,True,12,12
578,Volkswagen Polo 1.5 TDI Highline,Coimbatore,2018,33558,First,20.14,1498.0,88.0,5.0,10.32 Lakh,8.12,True,False,False,True,6,6
599,Toyota Innova Crysta 2.8 ZX AT,Coimbatore,2019,40674,First,11.36,2755.0,171.5,7.0,28.05 Lakh,24.82,True,False,True,False,5,5
603,Mercedes-Benz GLC 220d 4MATIC Style,Mumbai,2018,10003,First,17.9,2143.0,170.0,5.0,59.77 Lakh,48.5,True,False,True,False,6,6
604,Volkswagen Vento 1.5 TDI Highline AT,Mumbai,2016,25000,First,21.5,1498.0,108.5,5.0,15.86 Lakh,9.45,True,False,True,False,8,8
615,Toyota Innova Crysta 2.4 GX MT 8S,Hyderabad,2017,52000,First,13.68,2393.0,147.8,8.0,19.43 Lakh,17.5,True,False,False,True,7,7
618,Maruti Vitara Brezza ZDi,Pune,2016,21558,First,24.3,1248.0,88.5,5.0,10.65 Lakh,8.9,True,False,False,True,8,8
632,Mini Cooper 5 DOOR D,Mumbai,2016,11000,First,20.7,1496.0,113.98,5.0,42.12 Lakh,29.5,True,False,True,False,8,8
635,Tata Safari Storme VX Varicor 400,Jaipur,2017,37000,First,14.1,2179.0,154.0,7.0,16.95 Lakh,11.25,True,False,False,True,7,7
636,Honda BR-V i-DTEC VX MT,Kochi,2017,32249,First,21.9,1498.0,98.6,7.0,15.45 Lakh,10.79,True,False,False,True,7,7
639,Maruti Ignis 1.2 Alpha,Mumbai,2017,7000,First,20.89,1197.0,81.8,5.0,7.87 Lakh,5.7,False,True,False,True,7,7
654,Maruti Alto K10 VXI,Bangalore,2011,64357,First,24.07,998.0,67.1,5.0,4.7 Lakh,2.75,False,True,False,True,13,13
657,Honda BRV i-VTEC V CVT,Mumbai,2017,18000,First,16.0,1497.0,117.3,7.0,15.02 Lakh,9.25,False,True,True,False,7,7
668,Maruti Vitara Brezza ZDi Plus Dual Tone,Coimbatore,2017,18108,First,24.3,1248.0,88.5,5.0,12.56 Lakh,11.31,True,False,False,True,7,7
671,Nissan Sunny XV CVT,Kochi,2013,37199,First,17.5,1498.0,99.6,5.0,11.33 Lakh,5.43,False,True,True,False,11,11
697,Toyota Innova Crysta 2.4 ZX MT,Bangalore,2017,64798,First,13.68,2393.0,147.8,7.0,26.45 Lakh,18.75,True,False,False,True,7,7
714,Maruti Dzire AMT ZXI Plus,Hyderabad,2017,13000,First,22.0,1197.0,81.8,5.0,10.34 Lakh,8.5,False,True,True,False,7,7
731,Hyundai Grand i10 1.2 CRDi Magna,Kolkata,2017,14000,First,24.0,1186.0,73.97,5.0,7.46 Lakh,4.9,True,False,False,True,7,7
732,Honda City i-VTEC V,Delhi,2014,55818,Second,17.4,1497.0,117.3,5.0,11.85 Lakh,5.7,False,True,False,True,10,10
741,Maruti Ertiga VDI,Ahmedabad,2017,63939,First,25.47,1248.0,88.5,7.0,10.41 Lakh,7.75,True,False,False,True,7,7
742,Maruti Celerio VXI AMT,Delhi,2014,35214,Second,23.1,998.0,67.04,5.0,5.57 Lakh,3.2,False,True,True,False,10,10
746,Mini Cooper 5 DOOR D,Hyderabad,2014,60000,Second,20.7,1496.0,113.98,5.0,42.48 Lakh,23.5,True,False,True,False,10,10
750,Honda City i-VTEC CVT VX,Bangalore,2015,18955,First,18.0,1497.0,117.3,5.0,16.04 Lakh,10.65,False,True,True,False,9,9
756,Honda Jazz VX,Kochi,2018,20024,First,18.2,1199.0,88.7,5.0,9.1 Lakh,8.46,False,True,False,True,6,6
762,Ford Figo Titanium Diesel,Kolkata,2015,72035,First,25.5,1498.0,99.0,5.0,7.65 Lakh,2.5,True,False,False,True,9,9
784,Hyundai Creta 1.6 SX,Ahmedabad,2016,21000,First,15.8,1591.0,121.3,5.0,13.74 Lakh,10.9,False,True,False,True,8,8
791,Maruti Wagon R VXI,Coimbatore,2015,72599,First,22.5,998.0,67.04,5.0,5.72 Lakh,4.32,False,True,False,True,9,9
796,Mahindra XUV500 W9 AT,Coimbatore,2019,19654,First,14.0,2179.0,155.0,7.0,21.33 Lakh,17.63,True,False,True,False,5,5
802,Mercedes-Benz GLE 250d,Mumbai,2016,21000,First,17.9,2143.0,201.15,5.0,78.76 Lakh,56.0,True,False,True,False,8,8
809,Honda Amaze VX Diesel,Hyderabad,2018,12000,First,27.4,1498.0,98.6,5.0,10.34 Lakh,8.5,True,False,False,True,6,6
813,Maruti Alto K10 LXI,Pune,2014,49000,First,24.07,998.0,67.1,5.0,4.29 Lakh,2.3,False,True,False,True,10,10
825,Volkswagen Ameo 1.5 TDI Highline,Mumbai,2017,51000,First,21.66,1498.0,108.62,5.0,10.04 Lakh,6.45,True,False,False,True,7,7
838,Mahindra Xylo H4,Chennai,2016,215000,First,14.02,2179.0,118.3,7.0,11.67 Lakh,7.5,True,False,False,True,8,8
850,Toyota Innova Crysta 2.4 ZX MT,Pune,2017,43200,First,13.68,2393.0,147.8,7.0,25.52 Lakh,18.6,True,False,False,True,7,7
869,Hyundai Xcent 1.2 CRDi S,Jaipur,2018,25302,First,25.4,1186.0,73.97,5.0,8.56 Lakh,5.9,True,False,False,True,6,6
875,Toyota Innova Crysta 2.8 ZX AT,Kochi,2018,41736,First,11.36,2755.0,171.5,7.0,27 Lakh,19.92,True,False,True,False,6,6
878,Renault KWID 1.0 RXT Optional,Jaipur,2017,63262,First,21.7,999.0,67.0,5.0,4.78 Lakh,3.25,False,True,False,True,7,7
880,Maruti Celerio VXI Optional AMT,Pune,2017,7500,First,23.1,998.0,67.04,5.0,6.14 Lakh,5.0,False,True,True,False,7,7
884,Maruti Dzire VXI,Kolkata,2011,46687,First,22.0,1197.0,81.8,5.0,7.3 Lakh,2.7,False,True,False,True,13,13
897,Datsun redi-GO T Option,Bangalore,2016,20487,First,22.7,799.0,53.64,5.0,4.37 Lakh,2.66,False,True,False,True,8,8
912,Maruti Eeco 7 Seater Standard,Coimbatore,2012,56661,First,15.1,1196.0,73.0,7.0,4.98 Lakh,3.61,False,True,False,True,12,12
919,Honda City i-VTEC CVT VX,Mumbai,2015,30000,First,18.0,1497.0,117.3,5.0,15.29 Lakh,8.65,False,True,True,False,9,9
940,Jeep Compass 2.0 Limited 4X4,Mumbai,2017,52000,First,16.3,1956.0,170.0,5.0,24.26 Lakh,20.0,True,False,False,True,7,7
941,Land Rover Range Rover Evoque 2.0 TD4 HSE Dynamic,Kochi,2018,31427,First,15.68,1999.0,177.0,5.0,75.12 Lakh,59.72,True,False,True,False,6,6
942,Maruti Baleno Alpha Diesel,Kolkata,2016,29000,First,27.39,1248.0,74.0,5.0,9.53 Lakh,6.5,True,False,False,True,8,8
946,Mitsubishi Pajero Sport 4X4,Bangalore,2013,132000,First,13.5,2477.0,175.56,7.0,34.6 Lakh,12.49,True,False,False,True,11,11
952,Toyota Innova Crysta 2.4 ZX MT,Coimbatore,2018,92056,First,13.68,2393.0,147.8,7.0,26.45 Lakh,18.39,True,False,False,True,6,6
954,Honda Jazz VX Diesel,Mumbai,2016,38000,First,27.3,1498.0,98.6,5.0,11.15 Lakh,6.21,True,False,False,True,8,8
962,Mercedes-Benz C-Class Progressive C 220d,Mumbai,2018,8682,First,0.0,1950.0,194.0,5.0,52.26 Lakh,39.5,True,False,True,False,6,6
984,BMW 5 Series 520d Luxury Line,Mumbai,2012,61240,First,22.48,1995.0,190.0,5.0,70.43 Lakh,17.5,True,False,True,False,12,12
1001,Renault KWID RXT Optional,Hyderabad,2018,1900,First,25.17,799.0,53.3,5.0,4.8 Lakh,4.45,False,True,False,True,6,6
1010,Ford Ecosport Signature Edition Diesel,Coimbatore,2019,23154,First,23.0,1498.0,98.96,5.0,12.12 Lakh,11.65,True,False,False,True,5,5
1012,Toyota Innova Crysta 2.4 GX MT,Chennai,2017,67489,First,13.68,2393.0,147.8,7.0,19.37 Lakh,16.5,True,False,False,True,7,7
1017,Volkswagen Vento 1.5 TDI Comfortline,Coimbatore,2014,56658,First,20.64,1498.0,108.5,5.0,12.14 Lakh,5.39,True,False,False,True,10,10
1030,Toyota Fortuner 2.8 4WD MT,Kochi,2013,105072,First,14.24,2755.0,174.5,7.0,36.69 Lakh,13.28,True,False,False,True,11,11
1039,Jeep Compass 1.4 Limited Option,Mumbai,2017,4000,First,16.0,1368.0,160.0,5.0,23.68 Lakh,17.75,False,True,True,False,7,7
1044,Audi A4 35 TDI Technology,Hyderabad,2015,45000,First,18.25,1968.0,187.74,5.0,55.61 Lakh,25.0,True,False,True,False,9,9
1050,Ford EcoSport 1.5 Petrol Titanium Plus AT,Coimbatore,2018,18385,First,14.8,1497.0,121.36,5.0,14.1 Lakh,12.41,False,True,True,False,6,6
1056,Maruti S-Cross Zeta DDiS 200 SH,Coimbatore,2016,74611,First,25.1,1248.0,88.5,5.0,13.26 Lakh,7.94,True,False,False,True,8,8
1065,Toyota Innova Crysta 2.8 ZX AT,Bangalore,2016,108000,First,11.36,2755.0,171.5,7.0,28.05 Lakh,20.5,True,False,True,False,8,8
1072,Maruti Ertiga VDI,Pune,2016,130000,First,25.47,1248.0,88.5,7.0,11.27 Lakh,7.0,True,False,False,True,8,8
1077,Maruti Vitara Brezza ZDi Plus,Kochi,2019,34688,First,24.3,1248.0,88.5,5.0,11.2 Lakh,10.49,True,False,False,True,5,5
1080,Tata Zest Revotron 1.2 XT,Mumbai,2014,40000,First,17.57,1193.0,88.7,5.0,8.56 Lakh,3.95,False,True,False,True,10,10
1094,Maruti Vitara Brezza VDi,Kolkata,2017,35000,First,24.3,1248.0,88.5,5.0,9.46 Lakh,6.5,True,False,False,True,7,7
1096,Mahindra XUV300 W8 Diesel,Chennai,2012,97000,First,20.0,1497.0,115.0,5.0,12.79 Lakh,7.25,True,False,False,True,12,12
1097,Hyundai Verna CRDi 1.6 SX Option,Kochi,2014,89614,First,22.0,1582.0,126.2,5.0,15.57 Lakh,6.01,True,False,False,True,10,10
1103,Tata Hexa XT,Delhi,2017,55000,First,17.6,2179.0,153.86,7.0,19.86 Lakh,12.0,True,False,False,True,7,7
1110,Tata Tiago 1.2 Revotron XZ,Coimbatore,2018,9565,First,23.84,1199.0,84.0,5.0,6.59 Lakh,5.88,False,True,False,True,6,6
1113,Mercedes-Benz E-Class E 220 d,Kochi,2018,20446,First,12.6,1950.0,191.34,5.0,86.97 Lakh,51.35,False,True,True,False,6,6
1117,Mini Cooper 5 DOOR D,Ahmedabad,2014,34000,First,20.7,1496.0,113.98,5.0,42.12 Lakh,22.0,True,False,True,False,10,10
1139,Hyundai Grand i10 1.2 Kappa Magna,Delhi,2017,8471,First,18.9,1197.0,81.86,5.0,6.54 Lakh,5.0,False,True,False,True,7,7
1140,Toyota Innova Crysta 2.8 ZX AT,Hyderabad,2016,69000,First,11.36,2755.0,171.5,7.0,26.56 Lakh,19.75,True,False,True,False,8,8
1141,Renault Duster 110PS Diesel RxZ AMT,Coimbatore,2017,30090,First,19.6,1461.0,108.45,5.0,15.05 Lakh,11.44,True,False,True,False,7,7
1146,Mahindra Bolero ZLX,Mumbai,2016,40448,First,15.96,2523.0,62.1,7.0,11.01 Lakh,3.5,True,False,False,True,8,8
1147,Maruti Vitara Brezza ZDi,Coimbatore,2018,64456,First,24.3,1248.0,88.5,5.0,11 Lakh,10.46,True,False,False,True,6,6
1149,Honda Amaze S Petrol,Kochi,2016,51672,First,19.5,1199.0,88.76,5.0,7.55 Lakh,5.68,False,True,False,True,8,8
1157,Hyundai Grand i10 1.2 Kappa Asta,Hyderabad,2017,20000,First,18.9,1197.0,81.86,5.0,7.82 Lakh,5.98,False,True,False,True,7,7
1159,Hyundai Grand i10 1.2 Kappa Magna,Kochi,2018,50234,First,18.9,1197.0,81.86,5.0,6.32 Lakh,4.77,False,True,False,True,6,6
1187,Hyundai Verna VTVT 1.6 AT SX Option,Mumbai,2015,40600,First,17.0,1591.0,121.3,5.0,15.14 Lakh,7.2,False,True,True,False,9,9
1188,Hyundai Verna CRDi 1.6 AT SX Option,Ahmedabad,2013,87000,First,22.0,1582.0,126.2,5.0,15.72 Lakh,5.9,True,False,True,False,11,11
1192,Volvo S60 D4 Momentum,Hyderabad,2015,51000,First,27.03,1969.0,190.0,5.0,45.67 Lakh,25.0,True,False,True,False,9,9
1195,BMW 3 Series 320d Luxury Line,Chennai,2012,65000,First,22.69,1995.0,190.0,5.0,54.7 Lakh,14.0,True,False,True,False,12,12
1197,Toyota Innova Crysta 2.4 VX MT,Hyderabad,2017,24393,First,13.68,2393.0,147.8,7.0,22.87 Lakh,20.4,True,False,False,True,7,7
1198,Volkswagen Polo 1.0 MPI Trendline,Hyderabad,2019,1000,First,18.78,999.0,75.0,5.0,6.74 Lakh,5.68,False,True,False,True,5,5
1200,Mitsubishi Pajero Sport 4X4,Mumbai,2013,59000,First,13.5,2477.0,175.56,7.0,33.09 Lakh,12.75,True,False,False,True,11,11
1226,Toyota Corolla Altis 1.8 VL CVT,Delhi,2017,21000,First,14.28,1798.0,138.03,5.0,23.25 Lakh,18.0,False,True,True,False,7,7
1230,Toyota Corolla Altis 1.4 DG,Ahmedabad,2012,52000,First,21.43,1364.0,86.79,5.0,19.27 Lakh,6.5,True,False,False,True,12,12
1242,Jaguar XE 2.0L Diesel Prestige,Delhi,2018,1000,First,13.6,1999.0,177.0,5.0,52.77 Lakh,40.0,True,False,True,False,6,6
1243,Mahindra Xylo D4,Chennai,2016,85000,First,14.95,2489.0,93.7,7.0,11.67 Lakh,6.15,True,False,False,True,8,8
1247,Maruti Swift VDI,Kochi,2017,34613,First,28.4,1248.0,74.0,5.0,7.92 Lakh,6.24,True,False,False,True,7,7
1256,Hyundai Xcent 1.2 VTVT S,Bangalore,2014,54000,First,20.14,1197.0,81.86,5.0,7.85 Lakh,5.5,False,True,False,True,10,10
1270,Honda City i-VTEC CVT VX,Kochi,2018,22974,First,18.0,1497.0,117.3,5.0,15.55 Lakh,11.97,False,True,True,False,6,6
1272,Toyota Fortuner 2.8 2WD MT,Ahmedabad,2015,65012,First,14.24,2755.0,174.5,7.0,32.45 Lakh,18.9,True,False,False,True,9,9
1274,Maruti Eeco 7 Seater Standard,Hyderabad,2015,90413,First,15.1,1196.0,73.0,7.0,4.83 Lakh,2.95,False,True,False,True,9,9
1301,Maruti Swift LDI,Mumbai,2015,14000,First,28.4,1248.0,74.0,5.0,7.13 Lakh,5.25,True,False,False,True,9,9
1303,BMW 5 Series 520d Luxury Line,Coimbatore,2012,44450,First,22.48,1995.0,190.0,5.0,71.82 Lakh,24.68,True,False,True,False,12,12
1305,BMW X1 M Sport sDrive 20d,Mumbai,2016,31000,First,17.05,1995.0,190.0,5.0,50.97 Lakh,29.5,True,False,True,False,8,8
1313,Hyundai Verna CRDi 1.4 E,Chennai,2008,121097,Second,24.0,1396.0,88.76,5.0,10.73 Lakh,1.9,True,False,False,True,16,16
1317,Fiat Linea Classic Plus 1.3 Multijet,Jaipur,2013,86000,Second,19.5,1248.0,75.0,5.0,9.5 Lakh,2.5,True,False,False,True,11,11
1320,BMW 3 Series 320d Luxury Line,Kochi,2013,37613,First,22.69,1995.0,190.0,5.0,52.46 Lakh,13.95,True,False,True,False,11,11
1324,Maruti Ignis 1.2 Delta,Coimbatore,2019,16862,First,20.89,1197.0,81.8,5.0,6.07 Lakh,6.06,False,True,False,True,5,5
1336,Audi Q7 45 TDI Quattro Technology,Mumbai,2016,20002,First,14.75,2967.0,245.0,7.0,1.04 Cr,67.0,True,False,True,False,8,8
1362,Maruti Alto K10 VXI,Kolkata,2018,2100,First,24.07,998.0,67.1,5.0,4.33 Lakh,3.6,False,True,False,True,6,6
1363,Hyundai Grand i10 1.2 Kappa Sportz AT,Coimbatore,2018,20667,First,18.9,1197.0,81.86,5.0,8.63 Lakh,7.55,False,True,True,False,6,6
1368,Hyundai Grand i10 1.2 Kappa Sportz,Kochi,2019,18453,First,18.9,1197.0,81.86,5.0,6.68 Lakh,6.17,False,True,False,True,5,5
1369,Hyundai Verna CRDi 1.6 SX,Hyderabad,2008,96578,First,22.0,1582.0,126.2,5.0,14.07 Lakh,2.5,True,False,False,True,16,16
1381,Renault Duster 110PS Diesel RxZ AMT,Bangalore,2016,45000,First,19.6,1461.0,108.45,5.0,15.05 Lakh,11.5,True,False,True,False,8,8
1393,Hyundai Grand i10 1.2 Kappa Magna AT,Bangalore,2018,3000,First,18.9,1197.0,81.86,5.0,7.98 Lakh,6.2,False,True,True,False,6,6
1407,Toyota Innova Crysta 2.8 ZX AT,Kolkata,2016,66618,First,11.36,2755.0,171.5,7.0,24.82 Lakh,15.49,True,False,True,False,8,8
1412,Tata Zest Revotron 1.2T XM,Mumbai,2016,43706,First,17.57,1193.0,88.7,5.0,7.63 Lakh,4.0,False,True,False,True,8,8
1427,Toyota Innova Crysta 2.4 VX MT,Kochi,2018,8899,First,13.68,2393.0,147.8,7.0,22.86 Lakh,19.92,True,False,False,True,6,6
1437,Ford EcoSport 1.5 Petrol Titanium,Pune,2018,17000,First,17.0,1497.0,121.36,5.0,11.06 Lakh,9.2,False,True,False,True,6,6
1443,Maruti Alto K10 VXI,Hyderabad,2016,10000,First,24.07,998.0,67.1,5.0,4.53 Lakh,3.5,False,True,False,True,8,8
1455,Toyota Corolla Altis 1.8 G,Mumbai,2010,93000,First,14.28,1798.0,138.03,5.0,19.39 Lakh,4.5,False,True,False,True,14,14
1472,Hyundai Elantra 2.0 SX Option AT,Delhi,2017,9500,First,14.62,1999.0,149.92,5.0,21.77 Lakh,16.35,False,True,True,False,7,7
1490,Hyundai Creta 1.6 SX Automatic Diesel,Chennai,2016,55000,First,17.6,1582.0,126.2,5.0,18.35 Lakh,12.5,True,False,True,False,8,8
1494,Volkswagen Ameo 1.5 TDI Comfortline,Jaipur,2016,58095,First,21.66,1498.0,108.62,5.0,9.19 Lakh,5.8,True,False,False,True,8,8
1495,Tata Zest Revotron 1.2 XT,Kolkata,2015,7445,First,17.57,1193.0,88.7,5.0,8.09 Lakh,5.0,False,True,False,True,9,9
1497,Toyota Corolla Altis 1.8 VL CVT,Kochi,2018,28321,First,14.28,1798.0,138.03,5.0,23.25 Lakh,17.49,False,True,True,False,6,6
1505,Land Rover Range Rover Sport SE,Kochi,2019,26013,First,12.65,2993.0,255.0,5.0,1.39 Cr,97.07,True,False,True,False,5,5
1519,Maruti Dzire AMT ZDI Plus,Hyderabad,2017,28226,First,28.4,1248.0,73.75,5.0,11.52 Lakh,9.15,True,False,True,False,7,7
1525,Ford EcoSport 1.5 Diesel Titanium Plus,Chennai,2016,29200,First,23.0,1498.0,98.96,5.0,13.23 Lakh,7.7,True,False,False,True,8,8
1529,Tata Zest Quadrajet 1.3 XT,Coimbatore,2018,38310,First,20.65,1248.0,88.7,5.0,10.06 Lakh,6.69,True,False,False,True,6,6
1531,Skoda Rapid 1.5 TDI AT Style,Kolkata,2017,31300,First,21.72,1498.0,108.4,5.0,15.34 Lakh,10.5,True,False,True,False,7,7
1532,Toyota Innova Crysta 2.4 VX MT 8S,Coimbatore,2019,11241,First,13.68,2393.0,147.8,8.0,24.01 Lakh,22.55,True,False,False,True,5,5
1542,Mahindra Thar CRDe,Jaipur,2016,19000,First,16.55,2498.0,105.0,6.0,11.39 Lakh,9.25,True,False,False,True,8,8
1544,Ford Aspire Titanium Diesel,Coimbatore,2017,30279,First,26.1,1498.0,99.0,5.0,9.79 Lakh,7.29,True,False,False,True,7,7
1545,Mini Cooper 3 DOOR D,Mumbai,2016,20000,First,20.7,1496.0,113.98,4.0,35 Lakh,23.5,True,False,True,False,8,8
1547,Mahindra Verito 1.5 D4 BSIV,Pune,2015,90000,Second,21.03,1461.0,65.0,5.0,9.26 Lakh,3.1,True,False,False,True,9,9
1558,Volkswagen Ameo 1.2 MPI Highline,Coimbatore,2017,22389,First,17.0,1198.0,73.75,5.0,8.68 Lakh,7.23,False,True,False,True,7,7
1568,Land Rover Discovery Sport TD4 HSE 7S,Mumbai,2017,40000,First,12.81,1999.0,148.31,7.0,66.39 Lakh,41.5,True,False,True,False,7,7
1574,Volkswagen Tiguan 2.0 TDI Highline,Jaipur,2017,50510,First,17.06,1968.0,141.0,5.0,36.45 Lakh,24.9,True,False,True,False,7,7
1583,Audi Q7 45 TDI Quattro Premium Plus,Kochi,2019,6773,First,14.75,2967.0,245.0,7.0,91.38 Lakh,72.94,True,False,True,False,5,5
1589,Mahindra Bolero ZLX,Jaipur,2013,63000,First,15.96,2523.0,62.1,7.0,11.15 Lakh,5.5,True,False,False,True,11,11
1631,BMW X1 M Sport sDrive 20d,Kochi,2017,32838,First,17.05,1995.0,190.0,5.0,50.97 Lakh,30.29,True,False,True,False,7,7
1652,Jaguar XE 2.0L Diesel Prestige,Hyderabad,2017,4000,First,13.6,1999.0,177.0,5.0,53.41 Lakh,38.0,True,False,True,False,7,7
1663,Maruti Wagon R LXI,Delhi,2012,45631,Second,22.5,998.0,67.04,5.0,4.59 Lakh,2.74,False,True,False,True,12,12
1677,Hyundai Grand i10 1.2 Kappa Magna,Delhi,2017,12248,First,18.9,1197.0,81.86,5.0,6.54 Lakh,4.9,False,True,False,True,7,7
1680,Maruti Alto K10 VXI,Coimbatore,2011,48624,First,24.07,998.0,67.1,5.0,4.7 Lakh,3.22,False,True,False,True,13,13
1689,BMW 5 Series 520d Luxury Line,Kochi,2018,32586,First,22.48,1995.0,190.0,5.0,67.87 Lakh,37.3,True,False,True,False,6,6
1690,Mercedes-Benz GLE 350d,Coimbatore,2018,40129,First,11.57,2987.0,254.79,5.0,95.13 Lakh,70.8,True,False,True,False,6,6
1692,Hyundai Grand i10 1.2 Kappa Sportz,Kochi,2018,10393,First,18.9,1197.0,81.86,5.0,6.62 Lakh,6.03,False,True,False,True,6,6
1704,Honda Amaze V CVT Petrol,Pune,2018,1700,First,19.0,1199.0,88.76,5.0,9.44 Lakh,7.8,False,True,True,False,6,6
1708,Audi Q3 35 TDI Quattro Premium Plus,Coimbatore,2016,58661,First,15.17,1968.0,181.0,5.0,48.64 Lakh,28.03,True,False,True,False,8,8
1717,Mahindra Xylo D4,Hyderabad,2015,169000,First,14.95,2489.0,93.7,7.0,11.69 Lakh,5.0,True,False,False,True,9,9
1725,Maruti Ciaz Zeta,Mumbai,2017,5500,First,21.56,1462.0,103.25,5.0,11.11 Lakh,8.2,False,True,False,True,7,7
1743,Maruti Wagon R LXI,Ahmedabad,2010,21002,First,22.5,998.0,67.04,5.0,4.74 Lakh,2.75,False,True,False,True,14,14
1747,Maruti Eeco 7 Seater Standard,Coimbatore,2017,28371,First,15.1,1196.0,73.0,7.0,4.98 Lakh,4.74,False,True,False,True,7,7
1754,Renault KWID Climber 1.0 MT,Delhi,2017,15000,First,21.7,999.0,67.0,5.0,4.98 Lakh,4.25,False,True,False,True,7,7
1773,Honda WRV i-VTEC VX,Kochi,2018,15135,First,17.5,1199.0,88.7,5.0,10.57 Lakh,9.29,False,True,False,True,6,6
1783,Maruti Wagon R VXI AMT,Coimbatore,2017,37832,First,22.5,998.0,67.0,5.0,6.33 Lakh,5.23,False,True,True,False,7,7
1784,Hyundai Grand i10 1.2 Kappa Asta,Coimbatore,2016,43041,First,18.9,1197.0,81.86,5.0,8.1 Lakh,6.01,False,True,False,True,8,8
1793,Hyundai Grand i10 1.2 Kappa Magna,Kolkata,2017,31184,First,18.9,1197.0,81.86,5.0,6.4 Lakh,5.0,False,True,False,True,7,7
1794,Maruti Dzire AMT ZDI Plus,Pune,2017,41747,First,28.4,1248.0,73.75,5.0,11.26 Lakh,9.0,True,False,True,False,7,7
1797,Toyota Etios Liva 1.2 VX Dual Tone,Coimbatore,2019,20877,First,18.16,1197.0,78.9,5.0,7.59 Lakh,7.27,False,True,False,True,5,5
1798,Maruti Swift VXI,Mumbai,2016,23555,First,22.0,1197.0,81.8,5.0,7 Lakh,5.1,False,True,False,True,8,8
1803,Volkswagen Polo GT TSI,Mumbai,2016,28000,First,17.21,1197.0,103.5,5.0,11.26 Lakh,7.25,False,True,True,False,8,8
1805,Tata Bolt Quadrajet XE,Hyderabad,2017,40000,First,22.95,1248.0,74.0,5.0,7.43 Lakh,5.25,True,False,False,True,7,7
1823,Hyundai Elantra 1.6 SX Option AT,Ahmedabad,2014,49000,First,18.23,1582.0,126.2,5.0,22.43 Lakh,8.9,True,False,True,False,10,10
1824,Jeep Compass 2.0 Limited Option Black,Mumbai,2017,7000,First,17.1,1956.0,170.0,5.0,24.02 Lakh,17.45,True,False,False,True,7,7
1826,Toyota Corolla Altis 1.8 GL,Kochi,2012,83184,First,14.28,1798.0,138.03,5.0,21.69 Lakh,6.22,False,True,False,True,12,12
1830,Mercedes-Benz GLE 350d,Coimbatore,2017,33552,First,11.57,2987.0,254.79,5.0,95.13 Lakh,64.87,True,False,True,False,7,7
1841,Mercedes-Benz A Class A180 Sport,Mumbai,2016,17000,First,15.5,1595.0,122.0,5.0,34.63 Lakh,17.25,False,True,True,False,8,8
1842,Hyundai Grand i10 1.2 Kappa Magna,Kochi,2018,46493,First,18.9,1197.0,81.86,5.0,6.32 Lakh,5.53,False,True,False,True,6,6
1855,BMW 3 Series 320d,Ahmedabad,2011,100000,Second,22.69,1995.0,190.0,5.0,43.31 Lakh,10.9,True,False,True,False,13,13
1872,Maruti Eeco 7 Seater Standard,Mumbai,2014,34669,First,15.1,1196.0,73.0,7.0,4.71 Lakh,2.9,False,True,False,True,10,10
1877,Toyota Innova Crysta 2.8 GX AT,Kochi,2019,10601,First,11.36,2755.0,171.5,7.0,20.74 Lakh,19.65,True,False,True,False,5,5
1885,Mercedes-Benz GLS 350d Grand Edition,Delhi,2018,6000,First,11.0,2987.0,258.0,7.0,1.02 Cr,79.0,True,False,True,False,6,6
1886,Hyundai Grand i10 1.2 Kappa Sportz,Delhi,2018,9434,First,18.9,1197.0,81.86,5.0,6.71 Lakh,5.75,False,True,False,True,6,6
1896,Volkswagen Ameo 1.2 MPI Highline,Coimbatore,2018,35569,First,17.0,1198.0,73.75,5.0,8.68 Lakh,7.27,False,True,False,True,6,6
1902,Toyota Fortuner 2.8 2WD AT,Ahmedabad,2017,15000,First,12.9,2755.0,174.5,7.0,34.45 Lakh,30.0,True,False,True,False,7,7
1920,Maruti Dzire VDI,Delhi,2016,45376,First,28.4,1248.0,73.75,5.0,8.58 Lakh,5.75,True,False,False,True,8,8
1923,Ford EcoSport 1.5 Diesel Titanium Plus,Kochi,2017,78526,First,23.0,1498.0,98.96,5.0,12.67 Lakh,8.09,True,False,False,True,7,7
1926,BMW X1 sDrive 20d xLine,Coimbatore,2015,42265,Second,20.68,1995.0,190.0,5.0,48.18 Lakh,22.24,True,False,True,False,9,9
1932,Ford EcoSport 1.5 Diesel Titanium,Mumbai,2017,26000,First,23.0,1498.0,98.96,5.0,11.89 Lakh,8.99,True,False,False,True,7,7
1934,Maruti Dzire ZDI Plus,Jaipur,2017,24000,First,28.4,1248.0,73.75,5.0,10.48 Lakh,8.2,True,False,False,True,7,7
1955,Hyundai Verna VTVT 1.6 SX Option,Delhi,2013,57478,Second,17.0,1591.0,121.3,5.0,13.59 Lakh,5.25,False,True,False,True,11,11
1961,Maruti Vitara Brezza ZDi,Hyderabad,2016,41372,First,24.3,1248.0,88.5,5.0,11.02 Lakh,9.3,True,False,False,True,8,8
1963,Mercedes-Benz GLA Class 200 d Sport,Pune,2017,35000,First,17.9,2143.0,136.0,5.0,41.94 Lakh,23.5,True,False,True,False,7,7
1990,Maruti Dzire VDI,Mumbai,2012,74000,Second,28.4,1248.0,73.75,5.0,8.94 Lakh,4.25,True,False,False,True,12,12
1991,Jeep Compass 2.0 Longitude,Kochi,2018,28937,First,17.1,1956.0,170.0,5.0,21.38 Lakh,17.02,True,False,False,True,6,6
1994,Toyota Corolla Altis 1.4 DG,Coimbatore,2013,63854,First,21.43,1364.0,86.79,5.0,19.27 Lakh,7.12,True,False,False,True,11,11
1995,Maruti Vitara Brezza ZDi Plus AMT Dual Tone,Chennai,2018,3000,First,24.3,1248.0,88.5,5.0,12.88 Lakh,11.25,True,False,True,False,6,6
1998,Hyundai Xcent 1.2 VTVT SX,Mumbai,2014,64241,First,20.14,1197.0,81.86,5.0,8.27 Lakh,3.67,False,True,False,True,10,10
2003,BMW X1 sDrive 20d xLine,Bangalore,2016,28143,First,20.68,1995.0,190.0,5.0,48.18 Lakh,28.5,True,False,True,False,8,8
2008,Toyota Innova Crysta 2.4 VX MT,Hyderabad,2017,67000,First,13.68,2393.0,147.8,7.0,22.87 Lakh,16.5,True,False,False,True,7,7
2013,Hyundai Grand i10 1.2 Kappa Magna AT,Kochi,2018,5354,First,18.9,1197.0,81.86,5.0,7.37 Lakh,6.76,False,True,True,False,6,6
2014,Volkswagen Polo 1.0 MPI Comfortline,Chennai,2016,42000,Second,18.78,999.0,75.0,5.0,7.33 Lakh,5.5,False,True,False,True,8,8
2025,Maruti Eeco 7 Seater Standard,Coimbatore,2013,54885,First,15.1,1196.0,73.0,7.0,4.98 Lakh,3.75,False,True,False,True,11,11
2030,Toyota Innova Crysta 2.4 VX MT,Mumbai,2016,25121,First,13.68,2393.0,147.8,7.0,23.06 Lakh,17.11,True,False,False,True,8,8
2041,Mahindra Bolero SLE,Hyderabad,2012,75000,First,15.96,2523.0,62.1,7.0,10.32 Lakh,4.3,True,False,False,True,12,12
2054,Maruti Ignis 1.2 Alpha,Mumbai,2017,1000,First,20.89,1197.0,81.8,5.0,7.87 Lakh,6.36,False,True,False,True,7,7
2056,BMW 7 Series 730Ld Eminence,Kochi,2015,29966,Second,16.77,2993.0,261.49,5.0,1.4 Cr,43.6,True,False,True,False,9,9
2061,Jeep Compass 2.0 Longitude,Coimbatore,2018,33218,First,17.1,1956.0,170.0,5.0,22.46 Lakh,19.05,True,False,False,True,6,6
2073,Mini Cooper 5 DOOR D,Hyderabad,2017,2000,First,20.7,1496.0,113.98,5.0,42.48 Lakh,34.0,True,False,True,False,7,7
2075,Tata Zest Revotron 1.2T XMS,Chennai,2015,40000,First,17.57,1193.0,88.7,5.0,7.69 Lakh,4.0,False,True,False,True,9,9
2079,Ford Aspire Titanium Plus Diesel,Kolkata,2015,2800,First,26.1,1498.0,99.0,5.0,9.4 Lakh,8.41,True,False,False,True,9,9
2086,Hyundai Grand i10 1.2 Kappa Asta,Coimbatore,2016,37429,First,18.9,1197.0,81.86,5.0,8.1 Lakh,5.89,False,True,False,True,8,8
2088,Honda City i-VTEC V,Delhi,2011,67031,First,17.4,1497.0,117.3,5.0,11.85 Lakh,4.0,False,True,False,True,13,13
2090,Maruti Celerio VXI AMT,Mumbai,2016,47691,First,23.1,998.0,67.04,5.0,6.08 Lakh,3.94,False,True,True,False,8,8
2094,Maruti Dzire VDI,Kolkata,2015,28193,First,28.4,1248.0,73.75,5.0,8.36 Lakh,5.25,True,False,False,True,9,9
2095,Mercedes-Benz SLC 43 AMG,Coimbatore,2019,2526,First,19.0,2996.0,362.07,2.0,1.06 Cr,83.96,False,True,True,False,5,5
2097,Mercedes-Benz E-Class E 220 d,Hyderabad,2013,85000,First,16.1,1950.0,194.0,5.0,71.15 Lakh,21.0,True,False,True,False,11,11
2098,Hyundai Grand i10 1.2 Kappa Sportz,Ahmedabad,2015,20780,First,18.9,1197.0,81.86,5.0,6.82 Lakh,4.3,False,True,False,True,9,9
2111,Mercedes-Benz GLE 250d,Kochi,2017,25601,First,17.9,2143.0,201.15,5.0,78.76 Lakh,56.73,True,False,True,False,7,7
2119,Ford Freestyle Titanium Petrol,Mumbai,2007,1261,First,19.0,1194.0,94.68,5.0,8.12 Lakh,6.0,False,True,False,True,17,17
2120,Hyundai Elite i20 Asta Option,Coimbatore,2017,59450,First,18.6,1197.0,81.86,5.0,9.78 Lakh,7.53,False,True,False,True,7,7
2127,Maruti Baleno Delta,Mumbai,2016,12573,First,21.4,1197.0,83.1,5.0,7.36 Lakh,5.8,False,True,False,True,8,8
2134,Toyota Fortuner 2.8 2WD AT,Pune,2017,29000,First,12.9,2755.0,174.5,7.0,38.11 Lakh,31.0,True,False,True,False,7,7
2138,Maruti Ertiga ZDI,Delhi,2013,68000,First,25.47,1248.0,88.5,7.0,11.75 Lakh,4.85,True,False,False,True,11,11
2151,Maruti Swift VDI,Hyderabad,2013,84000,First,28.4,1248.0,74.0,5.0,8.44 Lakh,5.65,True,False,False,True,11,11
2157,Hyundai Creta 1.6 SX Option,Delhi,2016,24347,First,15.8,1591.0,121.3,5.0,16.06 Lakh,11.0,False,True,False,True,8,8
2160,Honda City i-VTEC CVT VX,Mumbai,2017,17000,First,18.0,1497.0,117.3,5.0,15.29 Lakh,11.6,False,True,True,False,7,7
2166,Honda Brio 1.2 VX MT,Kochi,2014,41460,First,18.5,1198.0,86.8,5.0,6.63 Lakh,3.95,False,True,False,True,10,10
2178,Land Rover Discovery HSE Luxury 3.0 TD6,Mumbai,2017,35000,First,18.0,2993.0,255.0,7.0,1.27 Cr,41.6,True,False,True,False,7,7
2182,Toyota Fortuner 2.8 4WD MT,Bangalore,2015,150386,First,14.24,2755.0,174.5,7.0,39.6 Lakh,23.0,True,False,False,True,9,9
2185,Maruti Vitara Brezza ZDi Plus,Ahmedabad,2017,80000,First,24.3,1248.0,88.5,5.0,10.91 Lakh,8.0,True,False,False,True,7,7
2187,Hyundai Tucson 2.0 Dual VTVT 2WD AT GL,Mumbai,2016,13000,First,12.95,1999.0,152.88,5.0,25.75 Lakh,17.75,False,True,True,False,8,8
2195,Maruti Wagon R VXI,Kolkata,2016,16956,First,22.5,998.0,67.04,5.0,5.29 Lakh,3.6,False,True,False,True,8,8
2200,Maruti Wagon R VXI,Mumbai,2010,38000,Second,22.5,998.0,67.04,5.0,5.61 Lakh,1.75,False,True,False,True,14,14
2220,Honda Brio 1.2 VX AT,Mumbai,2017,20000,First,16.5,1198.0,86.8,5.0,8.05 Lakh,5.99,False,True,True,False,7,7
2224,Toyota Etios Cross 1.4L GD,Kochi,2016,36681,First,23.59,1364.0,67.06,5.0,8.82 Lakh,6.71,True,False,False,True,8,8
2229,Honda City i-VTEC CVT ZX,Coimbatore,2018,20300,First,18.0,1497.0,117.3,5.0,17.38 Lakh,14.21,False,True,True,False,6,6
2231,Maruti Celerio ZXI MT,Kochi,2017,21799,First,23.1,998.0,67.04,5.0,5.69 Lakh,5.11,False,True,False,True,7,7
2233,Toyota Innova Crysta 2.8 ZX AT,Hyderabad,2017,35358,First,11.36,2755.0,171.5,7.0,26.56 Lakh,22.99,True,False,True,False,7,7
2239,Tata Tiago 1.2 Revotron XT,Jaipur,2016,42700,First,23.84,1199.0,84.0,5.0,5.61 Lakh,3.6,False,True,False,True,8,8
2242,Toyota Fortuner 2.8 4WD MT,Hyderabad,2010,110000,First,14.24,2755.0,174.5,7.0,37.51 Lakh,13.7,True,False,False,True,14,14
2245,Maruti Wagon R VXI 1.2,Mumbai,2015,55000,First,21.5,1197.0,81.8,5.0,5.88 Lakh,3.1,False,True,False,True,9,9
2251,Honda City i-DTEC ZX,Hyderabad,2017,46000,First,25.6,1498.0,98.6,5.0,16.95 Lakh,12.9,True,False,False,True,7,7
2260,BMW 5 Series 520d Luxury Line,Ahmedabad,2012,95000,Second,22.48,1995.0,190.0,5.0,63.71 Lakh,17.5,True,False,True,False,12,12
2275,Ford EcoSport 1.5 Diesel Titanium,Delhi,2017,39000,First,23.0,1498.0,98.96,5.0,11.47 Lakh,8.45,True,False,False,True,7,7
2277,Toyota Fortuner 2.8 4WD MT,Mumbai,2010,140000,First,14.24,2755.0,174.5,7.0,37.46 Lakh,10.75,True,False,False,True,14,14
2290,Maruti Swift VDI,Kochi,2016,62192,First,28.4,1248.0,74.0,5.0,7.88 Lakh,5.22,True,False,False,True,8,8
2292,Maruti Ciaz Alpha,Kochi,2018,38394,First,21.56,1462.0,103.25,5.0,11.37 Lakh,9.18,False,True,False,True,6,6
2309,Hyundai Elantra 2.0 SX Option AT,Delhi,2016,28000,First,14.62,1999.0,149.92,5.0,21.77 Lakh,13.9,False,True,True,False,8,8
2313,Volkswagen Vento 1.5 TDI Trendline,Mumbai,2011,47000,First,20.64,1498.0,108.5,5.0,11.3 Lakh,3.25,True,False,False,True,13,13
2319,Mercedes-Benz E-Class E 350 d,Coimbatore,2019,9312,First,18.0,2987.0,258.0,5.0,92.5 Lakh,78.8,True,False,True,False,5,5
2326,Hyundai Elantra 2.0 SX Option AT,Coimbatore,2015,58239,First,14.62,1999.0,149.92,5.0,23.64 Lakh,9.69,False,True,True,False,9,9
2333,Nissan Terrano XL D Option,Mumbai,2014,51000,First,19.87,1461.0,83.14,5.0,15.06 Lakh,5.65,True,False,False,True,10,10
2334,Toyota Fortuner 2.8 2WD AT,Ahmedabad,2016,88008,Second,12.9,2755.0,174.5,7.0,34.45 Lakh,22.5,True,False,True,False,8,8
2341,Mercedes-Benz GLA Class 200 d Sport,Mumbai,2018,10000,First,17.9,2143.0,136.0,5.0,41.94 Lakh,28.9,True,False,True,False,6,6
2364,Mini Cooper Convertible S,Chennai,2012,17000,Second,16.82,1998.0,189.08,4.0,44.28 Lakh,22.0,False,True,True,False,12,12
2370,Mini Cooper 3 DOOR S,Mumbai,2013,21000,First,17.44,1998.0,189.08,4.0,39.57 Lakh,21.5,False,True,True,False,11,11
2380,Skoda Rapid 1.6 MPI AT Ambition,Mumbai,2017,32000,First,14.84,1598.0,103.52,5.0,13.7 Lakh,8.11,False,True,True,False,7,7
2387,Maruti Ertiga VDI,Delhi,2017,65000,First,25.47,1248.0,88.5,7.0,11.16 Lakh,7.65,True,False,False,True,7,7
2397,Ford EcoSport 1.5 Petrol Trend,Kolkata,2016,21460,First,17.0,1497.0,121.36,5.0,9.47 Lakh,6.0,False,True,False,True,8,8
2400,Honda Jazz V CVT,Hyderabad,2015,33000,First,19.0,1199.0,88.7,5.0,10.17 Lakh,7.25,False,True,True,False,9,9
2410,Maruti Vitara Brezza ZDi Plus,Jaipur,2017,48324,First,24.3,1248.0,88.5,5.0,11.47 Lakh,9.0,True,False,False,True,7,7
2413,Hyundai Grand i10 1.2 CRDi Sportz,Kochi,2017,20773,First,24.0,1186.0,73.97,5.0,8.17 Lakh,5.92,True,False,False,True,7,7
2414,Volkswagen Polo 1.5 TDI Highline,Kolkata,2016,22000,First,20.14,1498.0,88.0,5.0,9.58 Lakh,6.29,True,False,False,True,8,8
2423,BMW 3 Series 320d,Mumbai,2013,25000,First,22.69,1995.0,190.0,5.0,47.87 Lakh,17.99,True,False,True,False,11,11
2428,Mahindra Xylo H4,Chennai,2015,82000,Second,14.02,2179.0,118.3,7.0,11.67 Lakh,4.85,True,False,False,True,9,9
2438,Maruti Dzire VDI,Hyderabad,2011,110000,First,28.4,1248.0,73.75,5.0,9.14 Lakh,4.0,True,False,False,True,13,13
2443,Volkswagen Polo 1.5 TDI Highline,Delhi,2012,68038,First,20.14,1498.0,88.0,5.0,9.96 Lakh,3.6,True,False,False,True,12,12
2445,BMW 5 Series 520d Luxury Line,Ahmedabad,2013,55000,First,22.48,1995.0,190.0,5.0,63.71 Lakh,21.75,True,False,True,False,11,11
2446,Mercedes-Benz GLC 220d 4MATIC Sport,Mumbai,2017,25000,First,17.9,2143.0,170.0,5.0,64.14 Lakh,45.0,True,False,True,False,7,7
2447,Maruti Alto K10 VXI,Coimbatore,2011,46808,Second,24.07,998.0,67.1,5.0,4.7 Lakh,3.19,False,True,False,True,13,13
2448,Hyundai Xcent 1.2 VTVT S,Coimbatore,2015,65743,First,20.14,1197.0,81.86,5.0,7.85 Lakh,6.2,False,True,False,True,9,9
2454,Hyundai Creta 1.6 SX Option,Mumbai,2016,29477,First,15.8,1591.0,121.3,5.0,16.36 Lakh,10.25,False,True,False,True,8,8
2455,Toyota Fortuner 2.8 2WD AT,Delhi,2017,40000,First,12.9,2755.0,174.5,7.0,37.38 Lakh,30.0,True,False,True,False,7,7
2459,Ford EcoSport 1.5 Diesel Titanium,Mumbai,2017,30000,First,23.0,1498.0,98.96,5.0,11.89 Lakh,8.99,True,False,False,True,7,7
2464,Tata Zest Revotron 1.2T XE,Delhi,2017,47000,Second,17.57,1193.0,88.7,5.0,6.62 Lakh,4.5,False,True,False,True,7,7
2485,Maruti Vitara Brezza ZDi Plus Dual Tone,Kochi,2017,45362,First,24.3,1248.0,88.5,5.0,11.75 Lakh,9.38,True,False,False,True,7,7
2488,Tata Hexa XTA,Coimbatore,2019,14233,First,17.6,2179.0,153.86,7.0,22.74 Lakh,17.85,True,False,True,False,5,5
2495,Skoda Superb Style 1.8 TSI AT,Mumbai,2010,62004,Second,14.67,1798.0,177.46,5.0,33.36 Lakh,3.75,False,True,True,False,14,14
2496,Volkswagen Vento 1.5 TDI Highline AT,Mumbai,2016,25500,First,21.5,1498.0,108.5,5.0,15.86 Lakh,8.95,True,False,True,False,8,8
2509,Mercedes-Benz E-Class E 220 d,Mumbai,2018,11000,First,16.1,1950.0,194.0,5.0,70.55 Lakh,56.5,True,False,True,False,6,6
2510,BMW 3 Series 320d Luxury Line,Mumbai,2014,18600,Second,22.69,1995.0,190.0,5.0,54.43 Lakh,21.0,True,False,True,False,10,10
2528,Land Rover Discovery SE 3.0 TD6,Delhi,2016,59000,First,18.0,2993.0,255.0,7.0,1.13 Cr,36.75,True,False,True,False,8,8
2533,Mercedes-Benz CLA 200 CDI Sport,Coimbatore,2017,20969,First,17.9,2143.0,136.0,5.0,45.36 Lakh,27.87,True,False,True,False,7,7
2534,Maruti Vitara Brezza ZDi,Kolkata,2018,2900,First,24.3,1248.0,88.5,5.0,10.13 Lakh,8.75,True,False,False,True,6,6
2536,Skoda Rapid 1.5 TDI Ambition,Coimbatore,2018,5833,First,21.13,1498.0,108.4,5.0,14.22 Lakh,11.92,True,False,False,True,6,6
2545,Mahindra NuvoSport N8,Coimbatore,2017,37712,First,17.45,1493.0,100.0,7.0,11.77 Lakh,7.57,True,False,False,True,7,7
2558,Datsun redi-GO T Option,Kochi,2018,30953,First,22.7,799.0,53.64,5.0,4.05 Lakh,3.48,False,True,False,True,6,6
2563,Jeep Compass 2.0 Limited 4X4,Coimbatore,2018,48188,First,16.3,1956.0,170.0,5.0,26.95 Lakh,21.69,True,False,False,True,6,6
2569,Toyota Innova Crysta 2.8 ZX AT,Coimbatore,2017,65367,First,11.36,2755.0,171.5,7.0,28.05 Lakh,20.14,True,False,True,False,7,7
2589,Maruti Wagon R VXI AMT,Mumbai,2016,8000,First,22.5,998.0,67.0,5.0,6.14 Lakh,4.15,False,True,True,False,8,8
2592,Maruti Alto K10 VXI,Mumbai,2016,13198,First,24.07,998.0,67.1,5.0,4.82 Lakh,3.15,False,True,False,True,8,8
2595,Tata Tiago AMT 1.2 Revotron XZA,Coimbatore,2019,15379,First,23.84,1199.0,83.83,5.0,7.17 Lakh,6.97,False,True,True,False,5,5
2604,Mini Cooper Convertible S,Mumbai,2016,15000,First,16.82,1998.0,189.08,4.0,44.28 Lakh,35.0,False,True,True,False,8,8
2607,Hyundai Verna CRDi 1.6 SX Option,Pune,2017,50000,First,22.0,1582.0,126.2,5.0,15.72 Lakh,11.5,True,False,False,True,7,7
2622,Renault Duster 85PS Diesel RxE,Pune,2016,54000,First,19.87,1461.0,83.8,5.0,11.27 Lakh,6.5,True,False,False,True,8,8
2648,Honda BRV i-VTEC V MT,Pune,2016,9200,First,15.4,1497.0,117.3,7.0,13.58 Lakh,8.0,False,True,False,True,8,8
2649,Honda Amaze S Diesel,Hyderabad,2015,29000,First,27.4,1498.0,98.6,5.0,9.09 Lakh,5.99,True,False,False,True,9,9
2665,Maruti Alto K10 VXI,Kochi,2018,46805,First,24.07,998.0,67.1,5.0,4.09 Lakh,3.63,False,True,False,True,6,6
2667,Tata Zest Revotron 1.2T XE,Mumbai,2017,100000,First,17.57,1193.0,88.7,5.0,6.83 Lakh,4.25,False,True,False,True,7,7
2678,Maruti Wagon R LXI,Kochi,2011,15466,First,22.5,998.0,67.04,5.0,5.04 Lakh,3.36,False,True,False,True,13,13
2692,BMW 3 Series 320d,Kolkata,2011,70000,First,22.69,1995.0,190.0,5.0,43.81 Lakh,10.3,True,False,True,False,13,13
2694,Maruti Wagon R VXI,Kochi,2014,41994,First,22.5,998.0,67.04,5.0,5.12 Lakh,3.41,False,True,False,True,10,10
2699,Audi Q3 35 TDI Quattro Premium Plus,Bangalore,2015,51000,First,15.17,1968.0,181.0,5.0,48.64 Lakh,27.5,True,False,True,False,9,9
2700,Maruti Wagon R VXI 1.2,Jaipur,2015,64876,First,21.5,1197.0,81.8,5.0,5.71 Lakh,3.5,False,True,False,True,9,9
2702,Maruti Vitara Brezza ZDi Plus Dual Tone,Coimbatore,2017,25299,First,24.3,1248.0,88.5,5.0,12.56 Lakh,10.34,True,False,False,True,7,7
2709,Honda Amaze V Petrol,Kochi,2016,40866,First,19.5,1199.0,86.76,5.0,8.16 Lakh,5.47,False,True,False,True,8,8
2711,Mini Cooper Convertible S,Kochi,2017,20469,First,16.82,1998.0,189.08,4.0,44.28 Lakh,35.98,False,True,True,False,7,7
2722,Volkswagen Ameo 1.5 TDI Highline,Kochi,2018,31426,First,21.66,1498.0,108.62,5.0,9.72 Lakh,7.9,True,False,False,True,6,6
2728,Maruti Baleno Alpha CVT,Kochi,2019,13574,First,21.4,1197.0,83.1,5.0,10.3 Lakh,9.51,False,True,True,False,5,5
2742,BMW 5 Series 520d Luxury Line,Ahmedabad,2013,90000,First,22.48,1995.0,190.0,5.0,63.71 Lakh,19.5,True,False,True,False,11,11
2745,Maruti Vitara Brezza ZDi Plus,Kochi,2017,38426,First,24.3,1248.0,88.5,5.0,11.12 Lakh,9.13,True,False,False,True,7,7
2746,Maruti Eeco 7 Seater Standard,Pune,2011,45000,First,15.1,1196.0,73.0,7.0,4.69 Lakh,2.25,False,True,False,True,13,13
2749,Maruti Wagon R LXI,Mumbai,2010,37822,First,22.5,998.0,67.04,5.0,5.04 Lakh,2.35,False,True,False,True,14,14
2763,Toyota Innova Crysta 2.4 VX MT 8S,Coimbatore,2017,72202,First,13.68,2393.0,147.8,8.0,24.01 Lakh,17.92,True,False,False,True,7,7
2767,Mercedes-Benz GLE 350d,Coimbatore,2018,30706,First,11.57,2987.0,254.79,5.0,95.13 Lakh,59.29,True,False,True,False,6,6
2770,Maruti Baleno Alpha,Mumbai,2016,12208,First,21.4,1197.0,83.1,5.0,8.78 Lakh,6.75,False,True,False,True,8,8
2774,Volkswagen Polo GT TSI,Mumbai,2017,27853,First,17.21,1197.0,103.5,5.0,11.26 Lakh,8.25,False,True,True,False,7,7
2788,Hyundai Grand i10 1.2 Kappa Sportz,Kochi,2018,20689,First,18.9,1197.0,81.86,5.0,6.68 Lakh,6.07,False,True,False,True,6,6
2801,Renault KWID 1.0 RXT Optional AMT,Coimbatore,2017,53285,First,22.5,999.0,67.0,5.0,5.42 Lakh,4.28,False,True,True,False,7,7
2808,Mercedes-Benz GLE 350d,Mumbai,2017,19863,First,11.57,2987.0,254.79,5.0,91.23 Lakh,64.95,True,False,True,False,7,7
2812,Hyundai Grand i10 1.2 Kappa Sportz,Mumbai,2018,3958,First,18.9,1197.0,81.86,5.0,7.14 Lakh,5.55,False,True,False,True,6,6
2827,BMW X3 xDrive 20d Luxury Line,Hyderabad,2009,58000,First,18.56,1995.0,190.0,5.0,69.59 Lakh,17.98,True,False,True,False,15,15
2851,Renault KWID 1.0 RXT Optional,Kochi,2018,18335,First,21.7,999.0,67.0,5.0,4.61 Lakh,4.5,False,True,False,True,6,6
2853,Volkswagen Polo GT TSI,Mumbai,2017,25000,First,17.21,1197.0,103.5,5.0,11.26 Lakh,7.75,False,True,True,False,7,7
2855,Toyota Fortuner 2.8 2WD AT,Kochi,2019,21719,First,12.9,2755.0,174.5,7.0,37.38 Lakh,33.13,True,False,True,False,5,5
2859,Renault KWID Climber 1.0 MT,Hyderabad,2018,4126,First,21.7,999.0,67.0,5.0,5.3 Lakh,4.8,False,True,False,True,6,6
2860,Tata Bolt Quadrajet XM,Hyderabad,2017,98500,First,22.95,1248.0,74.0,5.0,7.97 Lakh,6.0,True,False,False,True,7,7
2866,BMW 3 Series 320d,Coimbatore,2009,103905,First,22.69,1995.0,190.0,5.0,43.31 Lakh,9.92,True,False,True,False,15,15
2876,Audi A6 35 TDI Matrix,Delhi,2014,56000,First,18.53,1968.0,187.74,5.0,59.38 Lakh,24.0,True,False,True,False,10,10
2878,Volkswagen Vento 1.5 TDI Highline AT,Kochi,2017,33550,First,21.5,1498.0,108.5,5.0,15.86 Lakh,9.6,True,False,True,False,7,7
2879,Audi A6 35 TDI Matrix,Hyderabad,2014,62000,First,18.53,1968.0,187.74,5.0,67.1 Lakh,25.0,True,False,True,False,10,10
2890,Ford EcoSport 1.5 Petrol Titanium Plus AT,Coimbatore,2018,27852,First,14.8,1497.0,121.36,5.0,14.1 Lakh,10.44,False,True,True,False,6,6
2894,Tata Nexon 1.5 Revotorq XZ Plus Dual Tone,Mumbai,2018,14000,First,21.5,1497.0,108.5,5.0,12.22 Lakh,9.9,True,False,False,True,6,6
2900,Isuzu MUX 4WD,Jaipur,2017,34429,First,13.8,2999.0,174.57,7.0,33.68 Lakh,20.0,True,False,True,False,7,7
2914,Toyota Corolla Altis 1.4 DG,Ahmedabad,2012,52100,First,21.43,1364.0,86.79,5.0,19.27 Lakh,6.5,True,False,False,True,12,12
2915,Hyundai Grand i10 1.2 Kappa Sportz,Jaipur,2018,10000,First,18.9,1197.0,81.86,5.0,6.96 Lakh,5.85,False,True,False,True,6,6
2916,Jeep Compass 2.0 Limited 4X4,Coimbatore,2019,6261,First,16.3,1956.0,170.0,5.0,26.95 Lakh,23.91,True,False,False,True,5,5
2917,Maruti Ignis 1.2 AMT Alpha,Coimbatore,2019,3906,First,20.89,1197.0,81.8,5.0,7.96 Lakh,7.36,False,True,True,False,5,5
2920,Toyota Innova Crysta 2.4 VX MT,Mumbai,2017,38000,First,13.68,2393.0,147.8,7.0,23.06 Lakh,17.65,True,False,False,True,7,7
2922,Toyota Platinum Etios 1.4 GXD,Hyderabad,2015,150000,First,23.59,1364.0,67.05,5.0,9.58 Lakh,6.0,True,False,False,True,9,9
2937,Toyota Innova Crysta 2.8 GX AT 8S,Delhi,2017,18000,First,11.36,2755.0,171.5,8.0,20.8 Lakh,18.25,True,False,True,False,7,7
2957,Nissan Micra Active XV,Ahmedabad,2016,41000,First,19.69,1198.0,67.04,5.0,6.78 Lakh,4.25,False,True,False,True,8,8
2959,Jeep Compass 2.0 Sport,Hyderabad,2017,37000,First,17.1,1956.0,170.0,5.0,19.91 Lakh,16.9,True,False,False,True,7,7
2970,Tata Zest Quadrajet 1.3 75PS XM,Pune,2017,72000,First,22.95,1248.0,74.0,5.0,8.93 Lakh,5.0,True,False,False,True,7,7
2977,Maruti Dzire VXI,Hyderabad,2013,34900,First,22.0,1197.0,81.8,5.0,7.97 Lakh,5.49,False,True,False,True,11,11
2989,Maruti Wagon R LXI,Mumbai,2014,25422,First,22.5,998.0,67.04,5.0,5.04 Lakh,3.25,False,True,False,True,10,10
2990,Maruti Ertiga VDI,Mumbai,2018,14000,First,25.47,1248.0,88.5,7.0,11.66 Lakh,9.25,True,False,False,True,6,6
2994,Mahindra KUV 100 G80 K6 Plus 5Str,Kolkata,2017,43000,First,18.15,1198.0,82.0,5.0,7.35 Lakh,4.5,False,True,False,True,7,7
3002,Maruti Swift VXI,Pune,2010,68000,First,22.0,1197.0,81.8,5.0,6.99 Lakh,2.8,False,True,False,True,14,14
3006,Jeep Compass 2.0 Limited,Pune,2018,16039,First,17.1,1956.0,170.0,5.0,23.89 Lakh,18.5,True,False,False,True,6,6
3012,Maruti Swift LDI,Hyderabad,2016,52000,First,28.4,1248.0,74.0,5.0,7.27 Lakh,5.95,True,False,False,True,8,8
3040,Maruti Swift VDI,Kochi,2015,53500,First,28.4,1248.0,74.0,5.0,7.88 Lakh,5.36,True,False,False,True,9,9
3052,Hyundai Xcent 1.2 CRDi S,Mumbai,2016,50000,First,25.4,1186.0,73.97,5.0,8.84 Lakh,3.5,True,False,False,True,8,8
3059,BMW 3 Series 320d Luxury Line,Delhi,2019,87000,First,22.69,1995.0,190.0,5.0,52.46 Lakh,6.67,True,False,True,False,5,5
3067,Mahindra Xylo H4,Coimbatore,2016,93166,Second,14.02,2179.0,118.3,7.0,11.67 Lakh,5.85,True,False,False,True,8,8
3075,Toyota Corolla Altis 1.8 VL CVT,Kolkata,2018,5000,First,14.28,1798.0,138.03,5.0,22.37 Lakh,16.95,False,True,True,False,6,6
3078,Skoda Rapid 1.6 MPI Ambition,Mumbai,2015,39822,First,15.41,1598.0,103.52,5.0,12.02 Lakh,4.68,False,True,False,True,9,9
3080,Renault KWID RXL,Kochi,2017,24214,Second,25.17,799.0,53.3,5.0,3.95 Lakh,3.46,False,True,False,True,7,7
3087,BMW 3 Series 320d,Coimbatore,2013,85846,First,22.69,1995.0,190.0,5.0,48.79 Lakh,13.08,True,False,True,False,11,11
3127,Maruti Vitara Brezza ZDi Plus Dual Tone,Kochi,2017,35981,First,24.3,1248.0,88.5,5.0,11.29 Lakh,9.51,True,False,False,True,7,7
3132,Porsche Cayenne Base,Kochi,2019,14298,First,13.33,2995.0,340.0,5.0,1.36 Cr,2.02,False,True,True,False,5,5
3142,Honda Brio 1.2 S MT,Mumbai,2015,22000,First,18.5,1198.0,86.8,5.0,6.23 Lakh,3.95,False,True,False,True,9,9
3156,Hyundai Grand i10 1.2 Kappa Magna AT,Coimbatore,2019,12153,First,18.9,1197.0,81.86,5.0,7.98 Lakh,6.84,False,True,True,False,5,5
3158,Audi A4 30 TFSI Premium Plus,Kochi,2017,61221,First,17.84,1395.0,147.51,5.0,47.16 Lakh,21.73,False,True,True,False,7,7
3161,Mini Cooper 5 DOOR D,Kochi,2019,14857,First,20.7,1496.0,113.98,5.0,41.98 Lakh,31.55,True,False,True,False,5,5
3163,Ford Endeavour Titanium 4X2,Coimbatore,2019,14648,First,12.62,2198.0,158.0,7.0,35.29 Lakh,27.36,True,False,False,True,5,5
3168,Tata Zest Revotron 1.2T XM,Kochi,2017,48198,First,17.57,1193.0,88.7,5.0,7.63 Lakh,4.65,False,True,False,True,7,7
3173,Maruti Dzire LDI,Pune,2012,150000,Third,28.4,1248.0,73.75,5.0,7.91 Lakh,2.25,True,False,False,True,12,12
3181,Maruti Wagon R VXI,Chennai,2014,52000,First,22.5,998.0,67.04,5.0,5.51 Lakh,3.45,False,True,False,True,10,10
3186,Hyundai Grand i10 1.2 Kappa Asta,Coimbatore,2017,62788,First,18.9,1197.0,81.86,5.0,8.1 Lakh,6.08,False,True,False,True,7,7
3190,Toyota Innova Crysta 2.8 GX AT,Pune,2018,20300,First,11.36,2755.0,171.5,7.0,20.97 Lakh,18.0,True,False,True,False,6,6
3194,Mini Cooper 3 DOOR D,Kochi,2015,27641,Second,20.7,1496.0,113.98,4.0,34.89 Lakh,24.77,True,False,True,False,9,9
3198,Mahindra XUV500 W7,Delhi,2018,9000,First,14.0,2179.0,155.0,7.0,16.4 Lakh,13.0,True,False,False,True,6,6
3199,BMW 7 Series 730Ld Design Pure Excellence CBU,Kolkata,2012,41100,First,16.77,2993.0,261.49,5.0,1.66 Cr,26.5,True,False,True,False,12,12
3203,Honda City i-VTEC CVT VX,Mumbai,2015,19000,First,18.0,1497.0,117.3,5.0,15.29 Lakh,8.95,False,True,True,False,9,9
3217,Honda City i-VTEC CVT VX,Jaipur,2017,35000,First,18.0,1497.0,117.3,5.0,14.67 Lakh,7.7,False,True,True,False,7,7
3219,Honda City i-VTEC V,Mumbai,2017,11000,First,17.4,1497.0,117.3,5.0,12.57 Lakh,8.5,False,True,False,True,7,7
3226,Nissan Micra XV D,Chennai,2012,93450,Second,23.19,1461.0,63.12,5.0,9.48 Lakh,2.5,True,False,False,True,12,12
3239,Maruti Dzire ZDI,Ahmedabad,2013,56454,First,28.4,1248.0,73.75,5.0,8.95 Lakh,4.65,True,False,False,True,11,11
3244,Jeep Compass 2.0 Limited Option 4X4,Kolkata,2017,15050,First,16.3,1956.0,170.0,5.0,23.19 Lakh,17.5,True,False,False,True,7,7
3254,Ford Freestyle Titanium Plus Petrol,Kolkata,2018,8896,First,19.0,1194.0,94.68,5.0,8.24 Lakh,7.34,False,True,False,True,6,6
3256,Honda Jazz V,Mumbai,2016,31378,First,18.2,1199.0,88.7,5.0,8.71 Lakh,5.9,False,True,False,True,8,8
3259,Audi Q3 30 TDI Premium FWD,Mumbai,2017,31000,First,18.51,1968.0,147.51,5.0,44.75 Lakh,27.0,True,False,True,False,7,7
3266,Mercedes-Benz E-Class E400 Cabriolet,Kolkata,2015,7501,First,10.0,2996.0,333.0,4.0,87.57 Lakh,48.0,False,True,True,False,9,9
3268,Mercedes-Benz GLE 350d,Coimbatore,2018,29277,First,11.57,2987.0,254.79,5.0,95.13 Lakh,59.65,True,False,True,False,6,6
3273,Maruti Baleno Delta CVT,Coimbatore,2018,34630,First,21.4,1197.0,83.1,5.0,8.57 Lakh,7.29,False,True,True,False,6,6
3277,Mini Cooper 3 DOOR D,Kochi,2016,32298,First,20.7,1496.0,113.98,4.0,35 Lakh,23.8,True,False,True,False,8,8
3300,Ford Aspire Ambiente Diesel,Kolkata,2018,17000,First,26.1,1498.0,99.0,5.0,7.56 Lakh,5.65,True,False,False,True,6,6
3324,Mercedes-Benz CLA 200 CDI Sport,Kochi,2019,29836,First,17.9,2143.0,136.0,5.0,43.07 Lakh,25.75,True,False,True,False,5,5
3334,Toyota Etios Liva 1.4 GD,Delhi,2013,84000,First,23.59,1364.0,67.04,5.0,7.83 Lakh,3.85,True,False,False,True,11,11
3358,Maruti Celerio VXI AMT,Chennai,2015,55000,First,23.1,998.0,67.04,5.0,6 Lakh,3.5,False,True,True,False,9,9
3373,Honda City i-VTEC VX,Mumbai,2017,7500,First,17.4,1497.0,117.3,5.0,13.76 Lakh,11.15,False,True,False,True,7,7
3374,Renault Duster 110PS Diesel RxZ AMT,Jaipur,2016,68163,First,19.6,1461.0,108.45,5.0,14.11 Lakh,8.9,True,False,True,False,8,8
3381,Maruti Vitara Brezza LDi,Kochi,2017,35384,First,24.3,1248.0,88.5,5.0,9.12 Lakh,8.61,True,False,False,True,7,7
3383,Ford EcoSport 1.5 Diesel Titanium,Coimbatore,2018,32189,First,23.0,1498.0,98.96,5.0,11.2 Lakh,9.25,True,False,False,True,6,6
3417,BMW 3 Series 320d,Mumbai,2010,67000,Second,22.69,1995.0,190.0,5.0,47.87 Lakh,9.25,True,False,True,False,14,14
3425,Maruti Vitara Brezza ZDi Plus,Coimbatore,2018,52380,First,24.3,1248.0,88.5,5.0,12.47 Lakh,10.15,True,False,False,True,6,6
3430,Toyota Etios Liva 1.2 G,Chennai,2011,42000,Second,17.71,1197.0,78.9,5.0,6.51 Lakh,3.75,False,True,False,True,13,13
3448,Honda WRV i-VTEC VX,Ahmedabad,2017,32248,First,17.5,1199.0,88.7,5.0,10.32 Lakh,8.25,False,True,False,True,7,7
3451,Hyundai Grand i10 1.2 Kappa Asta,Bangalore,2014,61325,First,18.9,1197.0,81.86,5.0,8.1 Lakh,4.4,False,True,False,True,10,10
3465,Honda Amaze S Petrol,Jaipur,2014,69000,First,19.5,1199.0,88.76,5.0,7.52 Lakh,4.5,False,True,False,True,10,10
3471,Volkswagen Vento 1.5 TDI Highline AT,Hyderabad,2016,45492,First,21.5,1498.0,108.5,5.0,15.68 Lakh,10.3,True,False,True,False,8,8
3480,Hyundai Grand i10 1.2 Kappa Sportz,Coimbatore,2014,33496,First,18.9,1197.0,81.86,5.0,7.45 Lakh,5.5,False,True,False,True,10,10
3500,BMW 5 Series 520d Luxury Line,Delhi,2013,65000,First,22.48,1995.0,190.0,5.0,67.87 Lakh,21.26,True,False,True,False,11,11
3501,Toyota Corolla Altis 1.8 G,Bangalore,2016,16471,Second,14.28,1798.0,138.03,5.0,20.48 Lakh,11.5,False,True,False,True,8,8
3514,Honda City i-VTEC CVT VX,Pune,2018,4500,First,18.0,1497.0,117.3,5.0,15.17 Lakh,12.5,False,True,True,False,6,6
3518,Renault Duster 110PS Diesel RxZ AMT,Coimbatore,2017,42646,First,19.6,1461.0,108.45,5.0,15.05 Lakh,12.46,True,False,True,False,7,7
3524,Maruti Swift VDI,Jaipur,2015,63310,First,28.4,1248.0,74.0,5.0,8.13 Lakh,5.1,True,False,False,True,9,9
3537,Honda Jazz V,Hyderabad,2015,37000,First,18.2,1199.0,88.7,5.0,8.79 Lakh,6.3,False,True,False,True,9,9
3539,Nissan Terrano XL D Option,Hyderabad,2013,65280,First,19.87,1461.0,83.14,5.0,14.72 Lakh,5.8,True,False,False,True,11,11
3544,Jeep Compass 2.0 Limited Option 4X4,Jaipur,2017,45000,First,16.3,1956.0,170.0,5.0,25.54 Lakh,20.0,True,False,False,True,7,7
3550,Honda City i-DTEC ZX,Pune,2017,42000,First,25.6,1498.0,98.6,5.0,16.84 Lakh,12.0,True,False,False,True,7,7
3552,Hyundai Grand i10 1.2 CRDi Sportz,Chennai,2018,48000,First,24.0,1186.0,73.97,5.0,8.28 Lakh,5.95,True,False,False,True,6,6
3555,Toyota Innova Crysta 2.4 VX MT,Coimbatore,2019,33598,First,13.68,2393.0,147.8,7.0,23.94 Lakh,22.2,True,False,False,True,5,5
3567,Mercedes-Benz CLA 200 CDI Sport,Kochi,2019,13414,First,17.9,2143.0,136.0,5.0,43.07 Lakh,30.77,True,False,True,False,5,5
3569,Mahindra KUV 100 G80 K8,Jaipur,2018,15900,First,18.15,1198.0,82.0,6.0,7.88 Lakh,6.25,False,True,False,True,6,6
3572,Audi A6 35 TDI Matrix,Coimbatore,2017,36824,First,18.53,1968.0,187.74,5.0,69.37 Lakh,39.84,True,False,True,False,7,7
3578,Maruti Baleno Zeta CVT,Kolkata,2016,20000,First,21.4,1197.0,83.1,5.0,9.04 Lakh,5.74,False,True,True,False,8,8
3581,BMW 3 Series Luxury Line,Ahmedabad,2016,27000,First,21.76,1995.0,190.0,5.0,55.07 Lakh,35.0,True,False,True,False,8,8
3582,Maruti Dzire AMT ZDI Plus,Chennai,2017,19000,First,28.4,1248.0,73.75,5.0,10.97 Lakh,8.9,True,False,True,False,7,7
3584,Jeep Compass 2.0 Longitude,Kochi,2018,42203,First,17.1,1956.0,170.0,5.0,21.72 Lakh,19.46,True,False,False,True,6,6
3587,Tata Nexon 1.5 Revotorq XZ Plus Dual Tone,Kolkata,2018,4900,First,21.5,1497.0,108.5,5.0,11.47 Lakh,9.22,True,False,False,True,6,6
3603,Renault KWID RXT Optional,Pune,2018,5000,First,25.17,799.0,53.3,5.0,4.9 Lakh,3.5,False,True,False,True,6,6
3640,Toyota Fortuner 2.8 4WD MT,Kochi,2011,169006,First,14.24,2755.0,174.5,7.0,36.69 Lakh,10.64,True,False,False,True,13,13
3648,Honda Jazz V CVT,Mumbai,2017,17978,First,19.0,1199.0,88.7,5.0,10.1 Lakh,6.95,False,True,True,False,7,7
3651,Maruti S-Cross Alpha DDiS 200 SH,Kolkata,2016,45296,First,25.1,1248.0,88.5,5.0,12.53 Lakh,6.99,True,False,False,True,8,8
3662,Tata Hexa XT,Pune,2017,39800,First,17.6,2179.0,153.86,7.0,20.87 Lakh,14.25,True,False,False,True,7,7
3674,Maruti Eeco 7 Seater Standard,Coimbatore,2016,42225,First,15.1,1196.0,73.0,7.0,4.98 Lakh,4.3,False,True,False,True,8,8
3682,Maruti Ignis 1.2 Delta,Kochi,2019,12076,First,20.89,1197.0,81.8,5.0,5.9 Lakh,5.5,False,True,False,True,5,5
3687,Volkswagen Polo GT TSI,Coimbatore,2017,50534,First,17.21,1197.0,103.5,5.0,11.66 Lakh,8.27,False,True,True,False,7,7
3697,BMW 5 Series 520d Luxury Line,Ahmedabad,2010,46000,First,22.48,1995.0,190.0,5.0,63.71 Lakh,16.5,True,False,True,False,14,14
3705,Mercedes-Benz GLC 220d 4MATIC Style,Coimbatore,2019,29311,First,17.9,2143.0,170.0,5.0,64.57 Lakh,50.97,True,False,True,False,5,5
3706,BMW 3 Series Luxury Line,Mumbai,2016,31000,First,21.76,1995.0,190.0,5.0,60.88 Lakh,29.95,True,False,True,False,8,8
3719,Ford EcoSport 1.5 Petrol Titanium Plus AT,Pune,2017,14000,First,14.8,1497.0,121.36,5.0,13.23 Lakh,9.99,False,True,True,False,7,7
3726,Maruti Vitara Brezza ZDi Plus Dual Tone,Ahmedabad,2017,33000,First,24.3,1248.0,88.5,5.0,11.06 Lakh,9.25,True,False,False,True,7,7
3731,Nissan Terrano XV D Pre,Mumbai,2013,60000,Second,19.64,1461.0,108.5,5.0,17.21 Lakh,5.45,True,False,False,True,11,11
3732,Maruti Celerio ZXI AMT,Coimbatore,2017,35225,First,23.1,998.0,67.04,5.0,6.56 Lakh,5.25,False,True,True,False,7,7
3735,BMW 3 Series 320d,Hyderabad,2010,80000,First,22.69,1995.0,190.0,5.0,47.2 Lakh,14.2,True,False,True,False,14,14
3738,Hyundai Grand i10 1.2 Kappa Sportz,Coimbatore,2016,29091,First,18.9,1197.0,81.86,5.0,6.82 Lakh,4.87,False,True,False,True,8,8
3745,Maruti Vitara Brezza ZDi Plus Dual Tone,Coimbatore,2017,26927,First,24.3,1248.0,88.5,5.0,12.56 Lakh,11.39,True,False,False,True,7,7
3747,Maruti Vitara Brezza ZDi,Delhi,2016,35299,First,24.3,1248.0,88.5,5.0,10.14 Lakh,8.0,True,False,False,True,8,8
3752,Land Rover Range Rover Sport HSE,Kochi,2015,38467,First,12.65,2993.0,255.0,5.0,1.6 Cr,70.66,True,False,True,False,9,9
3759,Maruti Alto K10 VXI,Mumbai,2017,12000,First,24.07,998.0,67.1,5.0,4.82 Lakh,3.25,False,True,False,True,7,7
3774,Maruti Ciaz Zeta,Kochi,2018,10575,First,21.56,1462.0,103.25,5.0,11.11 Lakh,9.18,False,True,False,True,6,6
3777,Maruti Wagon R VXI 1.2,Kochi,2015,49818,First,21.5,1197.0,81.8,5.0,5.44 Lakh,4.11,False,True,False,True,9,9
3784,Toyota Innova Crysta 2.8 ZX AT,Kochi,2017,26023,First,11.36,2755.0,171.5,7.0,26.55 Lakh,19.97,True,False,True,False,7,7
3786,Maruti Swift VDI,Pune,2014,115000,First,28.4,1248.0,74.0,5.0,8.26 Lakh,4.5,True,False,False,True,10,10
3793,Tata Zest Quadrajet 1.3 XT,Bangalore,2017,27768,First,20.65,1248.0,88.7,5.0,10.06 Lakh,5.85,True,False,False,True,7,7
3820,Maruti Alto K10 VXI,Chennai,2011,28300,First,24.07,998.0,67.1,5.0,4.5 Lakh,2.15,False,True,False,True,13,13
3836,Audi A6 35 TFSI Matrix,Delhi,2018,22000,First,15.26,1798.0,187.74,5.0,56.97 Lakh,41.5,False,True,True,False,6,6
3838,Maruti Vitara Brezza ZDi Plus Dual Tone,Coimbatore,2018,28741,First,24.3,1248.0,88.5,5.0,12.56 Lakh,11.0,True,False,False,True,6,6
3841,Hyundai Verna VTVT 1.6 SX,Kolkata,2018,5000,First,17.0,1591.0,121.3,5.0,11.19 Lakh,8.7,False,True,False,True,6,6
3842,Maruti Ertiga ZDI Plus,Hyderabad,2016,42000,First,25.47,1248.0,88.5,7.0,13.33 Lakh,9.9,True,False,False,True,8,8
3845,Hyundai Verna VTVT 1.6 SX,Kochi,2012,32542,First,17.0,1591.0,121.3,5.0,11.67 Lakh,5.77,False,True,False,True,12,12
3852,BMW 3 Series 320d,Kochi,2012,55598,First,22.69,1995.0,190.0,5.0,47.87 Lakh,11.5,True,False,True,False,12,12
3889,Maruti Dzire VDI,Jaipur,2013,77084,First,28.4,1248.0,73.75,5.0,8.75 Lakh,4.95,True,False,False,True,11,11
3907,Toyota Innova Crysta 2.8 GX AT 8S,Chennai,2016,40000,First,11.36,2755.0,171.5,8.0,21.1 Lakh,16.45,True,False,True,False,8,8
3910,Maruti Baleno Alpha Diesel,Mumbai,2018,2000,First,27.39,1248.0,74.0,5.0,10.28 Lakh,8.7,True,False,False,True,6,6
3911,Skoda Superb Style 1.8 TSI AT,Mumbai,2016,14500,First,14.67,1798.0,177.46,5.0,33.36 Lakh,20.75,False,True,True,False,8,8
3927,Maruti Ciaz Alpha,Mumbai,2017,19416,First,21.56,1462.0,103.25,5.0,11.56 Lakh,8.25,False,True,False,True,7,7
3935,Toyota Innova Crysta 2.8 ZX AT,Pune,2016,50296,Second,11.36,2755.0,171.5,7.0,27.07 Lakh,19.0,True,False,True,False,8,8
3943,Jeep Compass 2.0 Longitude,Kochi,2018,26101,First,17.1,1956.0,170.0,5.0,21.38 Lakh,17.55,True,False,False,True,6,6
3944,Maruti Alto K10 LXI Optional,Pune,2016,7000,First,24.07,998.0,67.1,5.0,4.36 Lakh,3.0,False,True,False,True,8,8
3953,Honda Jazz Exclusive CVT,Mumbai,2018,3000,First,19.0,1199.0,88.7,5.0,10.81 Lakh,8.25,False,True,True,False,6,6
3964,Nissan Sunny XE P,Coimbatore,2012,50297,First,16.95,1498.0,97.6,5.0,8.55 Lakh,4.69,False,True,False,True,12,12
4022,Toyota Corolla Altis 1.8 GL,Chennai,2009,32000,Second,14.28,1798.0,138.03,5.0,22.66 Lakh,4.95,False,True,False,True,15,15
4026,Maruti Alto K10 VXI,Jaipur,2016,51264,First,24.07,998.0,67.1,5.0,4.24 Lakh,3.2,False,True,False,True,8,8
4028,Mercedes-Benz CLA 200 CGI Sport,Delhi,2016,40000,First,15.04,1991.0,183.0,5.0,41.02 Lakh,24.5,False,True,True,False,8,8
4034,Hyundai Creta 1.6 SX Automatic Diesel,Kolkata,2018,14000,First,17.6,1582.0,126.2,5.0,17 Lakh,11.25,True,False,True,False,6,6
4061,Audi RS5 Coupe,Mumbai,2013,23312,First,11.05,2894.0,444.0,4.0,1.28 Cr,40.5,False,True,True,False,11,11
4069,BMW 5 Series 520d Luxury Line,Coimbatore,2014,60280,First,22.48,1995.0,190.0,5.0,63.71 Lakh,22.45,True,False,True,False,10,10
4079,Land Rover Range Rover 3.0 Diesel LWB Vogue,Hyderabad,2017,25000,First,13.33,2993.0,255.0,5.0,2.3 Cr,160.0,True,False,True,False,7,7
4083,Maruti Baleno RS Petrol,Coimbatore,2018,26731,First,21.1,998.0,100.0,5.0,10.89 Lakh,8.61,False,True,False,True,6,6
4096,Toyota Camry Hybrid 2.5,Coimbatore,2017,23249,First,19.16,2487.0,175.67,5.0,40.62 Lakh,26.11,False,True,True,False,7,7
4099,Hyundai Grand i10 1.2 Kappa Asta,Delhi,2018,10000,First,18.9,1197.0,81.86,5.0,7.54 Lakh,6.5,False,True,False,True,6,6
4104,Skoda Superb Style 1.8 TSI AT,Coimbatore,2016,54253,First,14.67,1798.0,177.46,5.0,30.19 Lakh,16.81,False,True,True,False,8,8
4119,Maruti Wagon R VXI,Pune,2014,38958,First,22.5,998.0,67.04,5.0,5.56 Lakh,3.41,False,True,False,True,10,10
4125,Datsun redi-GO S,Chennai,2016,26239,First,22.7,799.0,53.0,5.0,4.43 Lakh,2.75,False,True,False,True,8,8
4131,Toyota Fortuner 2.8 2WD MT,Coimbatore,2019,56251,First,14.24,2755.0,174.5,7.0,37.17 Lakh,35.82,True,False,False,True,5,5
4134,Honda BR-V i-VTEC S MT,Bangalore,2016,34004,First,15.4,1497.0,117.3,7.0,12.9 Lakh,8.02,False,True,False,True,8,8
4147,Maruti Dzire VDI,Kochi,2017,54758,First,28.4,1248.0,73.75,5.0,8.58 Lakh,6.67,True,False,False,True,7,7
4163,Toyota Innova Crysta 2.8 ZX AT,Bangalore,2017,53841,First,11.36,2755.0,171.5,7.0,28.05 Lakh,20.5,True,False,True,False,7,7
4164,Hyundai Creta 1.6 SX Option,Kochi,2017,47183,Second,15.8,1591.0,121.3,5.0,15.86 Lakh,11.31,False,True,False,True,7,7
4169,Datsun redi-GO T Option,Kochi,2018,6279,First,22.7,799.0,53.64,5.0,4.05 Lakh,3.6,False,True,False,True,6,6
4180,Hyundai Creta 1.6 SX Option Diesel,Coimbatore,2017,101065,First,20.5,1582.0,126.2,5.0,19.18 Lakh,11.45,True,False,False,True,7,7
4181,Maruti Baleno Delta,Kochi,2017,15134,First,21.4,1197.0,83.1,5.0,7.36 Lakh,6.37,False,True,False,True,7,7
4188,Maruti Ertiga VDI,Chennai,2016,86000,Second,25.47,1248.0,88.5,7.0,10.99 Lakh,8.2,True,False,False,True,8,8
4205,Honda City i-DTEC SV,Kolkata,2015,39000,First,25.6,1498.0,98.6,5.0,12.23 Lakh,5.49,True,False,False,True,9,9
4208,Volkswagen Vento 1.6 Highline,Jaipur,2016,33000,First,16.09,1598.0,103.5,5.0,11.63 Lakh,7.7,False,True,False,True,8,8
4220,Hyundai Verna VTVT 1.6 SX,Bangalore,2014,46676,First,17.0,1591.0,121.3,5.0,12.27 Lakh,7.75,False,True,False,True,10,10
4221,Maruti Alto K10 LXI,Kochi,2014,51349,First,24.07,998.0,67.1,5.0,3.91 Lakh,2.93,False,True,False,True,10,10
4233,Audi Q3 30 TDI Premium FWD,Coimbatore,2018,22060,First,18.51,1968.0,147.51,5.0,44.8 Lakh,32.73,True,False,True,False,6,6
4236,Audi A4 35 TDI Premium Plus,Kochi,2015,13506,First,18.25,1968.0,187.74,5.0,50.4 Lakh,21.66,True,False,True,False,9,9
4237,Renault KWID RXT Optional,Mumbai,2016,16000,First,25.17,799.0,53.3,5.0,4.78 Lakh,2.99,False,True,False,True,8,8
4253,Honda Amaze S Petrol,Kolkata,2013,32576,First,19.5,1199.0,88.76,5.0,7.36 Lakh,3.15,False,True,False,True,11,11
4265,Datsun redi-GO T Option,Coimbatore,2017,27509,First,22.7,799.0,53.64,5.0,4.04 Lakh,3.31,False,True,False,True,7,7
4273,Skoda Superb Style 1.8 TSI AT,Mumbai,2016,53000,First,14.67,1798.0,177.46,5.0,33.36 Lakh,17.85,False,True,True,False,8,8
4284,Toyota Innova Crysta 2.8 ZX AT,Delhi,2016,42000,First,11.36,2755.0,171.5,7.0,26.55 Lakh,19.6,True,False,True,False,8,8
4300,Maruti Wagon R VXI AMT,Mumbai,2018,1997,First,22.5,998.0,67.0,5.0,6.14 Lakh,4.45,False,True,True,False,6,6
4301,Maruti Vitara Brezza ZDi Plus Dual Tone,Pune,2016,47300,First,24.3,1248.0,88.5,5.0,11.96 Lakh,8.85,True,False,False,True,8,8
4308,Maruti Ertiga VDI,Coimbatore,2014,53817,First,25.47,1248.0,88.5,7.0,11.44 Lakh,7.56,True,False,False,True,10,10
4318,Toyota Innova Crysta 2.8 ZX AT,Ahmedabad,2016,42388,First,11.36,2755.0,171.5,7.0,24.63 Lakh,18.0,True,False,True,False,8,8
4327,BMW X1 xDrive 20d M Sport,Kolkata,2017,27001,First,20.68,1995.0,190.0,5.0,50.26 Lakh,29.0,True,False,True,False,7,7
4334,Hyundai Grand i10 1.2 Kappa Sportz,Coimbatore,2017,38712,First,18.9,1197.0,81.86,5.0,7.45 Lakh,5.87,False,True,False,True,7,7
4346,Maruti Swift ZXI Plus,Ahmedabad,2018,2000,First,22.0,1197.0,81.8,5.0,8.16 Lakh,7.75,False,True,False,True,6,6
4350,Toyota Innova Crysta 2.4 VX MT 8S,Coimbatore,2019,31271,First,13.68,2393.0,147.8,8.0,24.01 Lakh,21.42,True,False,False,True,5,5
4361,Skoda Rapid 1.5 TDI Ambition,Mumbai,2012,54500,First,21.13,1498.0,108.4,5.0,13.72 Lakh,4.1,True,False,False,True,12,12
4373,Toyota Innova Crysta 2.4 ZX MT,Ahmedabad,2016,54000,First,13.68,2393.0,147.8,7.0,23.14 Lakh,16.5,True,False,False,True,8,8
4401,Tata Tiago 1.2 Revotron XZ WO Alloy,Hyderabad,2017,16500,First,23.84,1199.0,84.0,5.0,6.29 Lakh,5.0,False,True,False,True,7,7
4403,Honda Amaze V Petrol,Jaipur,2018,6000,First,19.5,1199.0,86.76,5.0,8.18 Lakh,6.7,False,True,False,True,6,6
4408,Maruti Wagon R LXI,Mumbai,2010,12000,First,22.5,998.0,67.04,5.0,5.04 Lakh,2.45,False,True,False,True,14,14
4444,Hyundai Grand i10 1.2 Kappa Magna,Kolkata,2018,4500,First,18.9,1197.0,81.86,5.0,6.4 Lakh,4.8,False,True,False,True,6,6
4447,Hyundai Grand i10 1.2 Kappa Asta,Kochi,2017,51223,First,18.9,1197.0,81.86,5.0,7.48 Lakh,5.66,False,True,False,True,7,7
4451,Ford Mustang V8,Kochi,2018,21290,First,13.0,4951.0,395.0,4.0,83.92 Lakh,56.8,False,True,True,False,6,6
4452,Toyota Innova Crysta 2.8 GX AT,Kochi,2019,14076,First,11.36,2755.0,171.5,7.0,20.74 Lakh,19.4,True,False,True,False,5,5
4463,Hyundai Grand i10 1.2 Kappa Asta,Hyderabad,2017,22500,First,18.9,1197.0,81.86,5.0,7.82 Lakh,5.99,False,True,False,True,7,7
4470,Honda Amaze S Diesel,Kolkata,2013,46500,First,27.4,1498.0,98.6,5.0,8.54 Lakh,3.3,True,False,False,True,11,11
4472,Maruti Wagon R VXI,Jaipur,2017,39867,First,22.5,998.0,67.04,5.0,5.44 Lakh,4.5,False,True,False,True,7,7
4481,Skoda Superb Style 2.0 TDI AT,Mumbai,2015,19000,First,18.19,1968.0,174.5,5.0,36.94 Lakh,15.5,True,False,True,False,9,9
4485,Volkswagen Vento 1.5 TDI Comfortline,Kolkata,2012,34000,First,20.64,1498.0,108.5,5.0,11.16 Lakh,3.4,True,False,False,True,12,12
4487,Hyundai Verna VTVT 1.6 SX Option,Kochi,2016,52378,First,17.0,1591.0,121.3,5.0,13.6 Lakh,7.97,False,True,False,True,8,8
4495,Maruti Dzire AMT ZDI Plus,Kochi,2018,64035,First,28.4,1248.0,73.75,5.0,10.7 Lakh,8.55,True,False,True,False,6,6
4516,Maruti Eeco 7 Seater Standard,Chennai,2016,55000,First,15.1,1196.0,73.0,7.0,4.87 Lakh,3.75,False,True,False,True,8,8
4523,Mitsubishi Pajero Sport 4X4,Coimbatore,2015,53497,First,13.5,2477.0,175.56,7.0,34.6 Lakh,16.42,True,False,False,True,9,9
4527,Mercedes-Benz GLE 350d,Chennai,2016,29000,First,11.57,2987.0,254.79,5.0,92.79 Lakh,65.0,True,False,True,False,8,8
4532,Maruti Wagon R VXI AMT,Kolkata,2017,17000,First,22.5,998.0,67.0,5.0,5.8 Lakh,3.95,False,True,True,False,7,7
4541,BMW 3 Series 320d,Mumbai,2011,51000,First,22.69,1995.0,190.0,5.0,47.87 Lakh,10.5,True,False,True,False,13,13
4551,BMW 5 Series 520d Luxury Line,Coimbatore,2011,51602,First,22.48,1995.0,190.0,5.0,63.71 Lakh,17.27,True,False,True,False,13,13
4554,BMW 3 Series Luxury Line,Pune,2016,70000,Second,21.76,1995.0,190.0,5.0,62.11 Lakh,27.0,True,False,True,False,8,8
4560,Honda Jazz V,Kochi,2017,36973,First,18.2,1199.0,88.7,5.0,8.71 Lakh,6.8,False,True,False,True,7,7
4563,Maruti Wagon R VXI,Mumbai,2014,43628,First,22.5,998.0,67.04,5.0,5.61 Lakh,3.16,False,True,False,True,10,10
4570,Maruti Vitara Brezza ZDi Plus AMT Dual Tone,Chennai,2018,3300,First,24.3,1248.0,88.5,5.0,12.88 Lakh,11.5,True,False,True,False,6,6
4571,Maruti Alto K10 LXI,Delhi,2016,35027,First,24.07,998.0,67.1,5.0,3.91 Lakh,3.0,False,True,False,True,8,8
4590,Maruti Vitara Brezza ZDi,Bangalore,2017,45000,First,24.3,1248.0,88.5,5.0,11 Lakh,9.75,True,False,False,True,7,7
4601,BMW X1 sDrive 20d xLine,Coimbatore,2019,15456,First,20.68,1995.0,190.0,5.0,48.18 Lakh,36.64,True,False,True,False,5,5
4612,Hyundai Grand i10 1.2 CRDi Asta,Kochi,2015,81828,First,24.0,1186.0,73.97,5.0,8.68 Lakh,5.43,True,False,False,True,9,9
4633,Renault KWID 1.0 RXT Optional,Jaipur,2016,26000,First,21.7,999.0,67.0,5.0,4.78 Lakh,3.0,False,True,False,True,8,8
4649,Honda WRV i-VTEC VX,Hyderabad,2017,15000,First,17.5,1199.0,88.7,5.0,10.83 Lakh,8.9,False,True,False,True,7,7
4652,Volkswagen Vento 1.6 Comfortline,Kochi,2012,60818,First,16.09,1598.0,103.5,5.0,11.05 Lakh,3.59,False,True,False,True,12,12
4680,Maruti Ertiga VDI,Pune,2016,54161,First,25.47,1248.0,88.5,7.0,11.27 Lakh,7.64,True,False,False,True,8,8
4685,Volkswagen Vento 1.6 Comfortline,Kochi,2018,20488,Second,16.09,1598.0,103.5,5.0,11.48 Lakh,7.64,False,True,False,True,6,6
4689,Toyota Fortuner 2.8 2WD MT,Coimbatore,2017,72668,First,14.24,2755.0,174.5,7.0,37.17 Lakh,28.85,True,False,False,True,7,7
4695,Toyota Etios Cross 1.4L VD,Bangalore,2014,57464,First,23.59,1364.0,67.06,5.0,9.99 Lakh,5.75,True,False,False,True,10,10
4706,Toyota Innova Crysta 2.8 ZX AT,Chennai,2016,80000,First,11.36,2755.0,171.5,7.0,26.95 Lakh,19.5,True,False,True,False,8,8
4724,Hyundai Xcent 1.2 VTVT E,Pune,2018,40000,First,20.14,1197.0,81.86,5.0,6.71 Lakh,5.0,False,True,False,True,6,6
4728,Hyundai Verna VTVT 1.6 SX Option,Kochi,2019,12336,First,17.0,1591.0,121.3,5.0,13.6 Lakh,11.88,False,True,False,True,5,5
4731,Nissan Micra Active XV,Pune,2018,24000,First,19.69,1198.0,67.04,5.0,6.99 Lakh,4.0,False,True,False,True,6,6
4734,Volkswagen Vento 1.5 TDI Highline,Chennai,2011,121311,First,20.64,1498.0,108.5,5.0,14.32 Lakh,2.9,True,False,False,True,13,13
4748,Tata Tiago 1.2 Revotron XT Option,Coimbatore,2019,16698,First,23.84,1199.0,84.0,5.0,6.21 Lakh,5.85,False,True,False,True,5,5
4755,Land Rover Range Rover Evoque 2.0 TD4 HSE Dynamic,Hyderabad,2016,52000,First,15.68,1999.0,177.0,5.0,74.49 Lakh,42.0,True,False,True,False,8,8
4773,Hyundai Elite i20 Sportz Plus,Kochi,2017,37460,First,18.6,1197.0,81.86,5.0,8.03 Lakh,6.28,False,True,False,True,7,7
4778,Mercedes-Benz S-Class S 350 d,Bangalore,2011,47140,Second,13.5,2925.0,281.61,5.0,1.71 Cr,30.0,True,False,True,False,13,13
4780,Hyundai Creta 1.6 SX Option Diesel,Bangalore,2016,93000,First,20.5,1582.0,126.2,5.0,19.18 Lakh,10.8,True,False,False,True,8,8
4788,Volvo V40 D3 R Design,Hyderabad,2015,38000,Second,16.8,1969.0,150.0,5.0,37.9 Lakh,24.0,True,False,True,False,9,9
4795,BMW 3 Series Luxury Line,Kochi,2018,21936,First,21.76,1995.0,190.0,5.0,58.67 Lakh,37.92,True,False,True,False,6,6
4807,Skoda Superb Style 1.8 TSI AT,Delhi,2013,80000,Second,14.67,1798.0,177.46,5.0,32.54 Lakh,7.25,False,True,True,False,11,11
4811,Mahindra Thar CRDe,Coimbatore,2017,28599,First,16.55,2498.0,105.0,6.0,11.71 Lakh,9.66,True,False,False,True,7,7
4819,Datsun redi-GO T,Kolkata,2016,15000,First,22.7,799.0,53.64,5.0,3.98 Lakh,2.25,False,True,False,True,8,8
4826,Maruti Alto K10 VXI,Kochi,2015,23876,First,24.07,998.0,67.1,5.0,4.09 Lakh,3.46,False,True,False,True,9,9
4841,BMW 3 Series 320d,Hyderabad,2011,89000,First,22.69,1995.0,190.0,5.0,47.2 Lakh,13.95,True,False,True,False,13,13
4844,Maruti Wagon R VXI 1.2,Kolkata,2014,37000,First,21.5,1197.0,81.8,5.0,5.56 Lakh,2.8,False,True,False,True,10,10
4858,Audi A4 35 TDI Technology,Hyderabad,2017,14000,First,18.25,1968.0,187.74,5.0,55.61 Lakh,43.0,True,False,True,False,7,7
4863,Hyundai Santro D Lite,Chennai,2001,140000,Third,20.3,1086.0,68.0,5.0,4.55 Lakh,0.7,False,True,False,True,23,23
4873,Maruti Baleno Alpha,Chennai,2016,16000,First,21.4,1197.0,83.1,5.0,8.8 Lakh,6.95,False,True,False,True,8,8
4877,Tata Nexon 1.2 Revotron XZ Plus,Coimbatore,2018,17477,First,17.0,1198.0,108.5,5.0,11.13 Lakh,9.62,False,True,False,True,6,6
4880,Maruti Wagon R LXI,Kochi,2014,52431,First,22.5,998.0,67.04,5.0,4.59 Lakh,3.01,False,True,False,True,10,10
4887,Maruti Vitara Brezza ZDi Plus,Kochi,2018,57078,First,24.3,1248.0,88.5,5.0,11.58 Lakh,10.19,True,False,False,True,6,6
4894,Maruti Baleno Alpha Diesel,Hyderabad,2017,24000,First,27.39,1248.0,74.0,5.0,10.63 Lakh,8.4,True,False,False,True,7,7
4902,Maruti Baleno Alpha CVT,Mumbai,2018,3000,First,21.4,1197.0,83.1,5.0,10.3 Lakh,8.85,False,True,True,False,6,6
4907,Honda City i-VTEC VX,Ahmedabad,2017,29000,First,17.4,1497.0,117.3,5.0,12.68 Lakh,10.0,False,True,False,True,7,7
4914,Mercedes-Benz GLC 220d 4MATIC Style,Mumbai,2017,24000,First,17.9,2143.0,170.0,5.0,59.77 Lakh,46.95,True,False,True,False,7,7
4926,Hyundai Creta 1.6 SX Option Executive,Coimbatore,2018,44383,First,15.8,1591.0,121.3,5.0,17.7 Lakh,13.25,False,True,False,True,6,6
4929,Hyundai Creta 1.6 SX,Delhi,2016,69000,First,15.8,1591.0,121.3,5.0,14.23 Lakh,9.7,False,True,False,True,8,8
4934,Maruti Dzire AMT VDI,Coimbatore,2018,25082,First,28.4,1248.0,73.75,5.0,9.62 Lakh,8.37,True,False,True,False,6,6
4942,Audi A4 35 TDI Premium Plus,Coimbatore,2014,28469,First,18.25,1968.0,187.74,5.0,53.14 Lakh,24.37,True,False,True,False,10,10
4950,Ford Aspire Titanium Diesel,Kolkata,2017,60048,First,26.1,1498.0,99.0,5.0,8.91 Lakh,6.0,True,False,False,True,7,7
4961,Maruti Dzire AMT ZXI Plus,Coimbatore,2019,8018,First,22.0,1197.0,81.8,5.0,10.26 Lakh,8.3,False,True,True,False,5,5
4968,Tata Tiago AMT 1.2 Revotron XZA,Pune,2018,2000,First,23.84,1199.0,83.83,5.0,6.94 Lakh,5.0,False,True,True,False,6,6
4973,Hyundai Verna CRDi 1.6 SX Option,Hyderabad,2008,109606,First,22.0,1582.0,126.2,5.0,15.59 Lakh,2.9,True,False,False,True,16,16
4978,Honda Amaze V CVT Petrol,Kochi,2019,25717,First,19.0,1199.0,88.76,5.0,9.47 Lakh,8.86,False,True,True,False,5,5
4981,Honda Jazz VX,Chennai,2017,8000,First,18.2,1199.0,88.7,5.0,9.1 Lakh,7.9,False,True,False,True,7,7
4984,Hyundai Creta 1.6 SX Option Diesel,Coimbatore,2019,24864,First,20.5,1582.0,126.2,5.0,19.18 Lakh,16.27,True,False,False,True,5,5
4988,BMW 5 Series 530d M Sport,Hyderabad,2016,27000,First,18.59,2993.0,265.0,5.0,78.31 Lakh,48.0,True,False,True,False,8,8
4989,Audi A3 35 TDI Premium Plus,Mumbai,2016,39000,First,20.38,1968.0,143.0,5.0,42.89 Lakh,18.9,True,False,True,False,8,8
4998,Volkswagen Polo 1.5 TDI Comfortline,Jaipur,2015,66000,First,20.14,1498.0,88.0,5.0,9.56 Lakh,4.91,True,False,False,True,9,9
5002,BMW X3 xDrive 20d xLine,Kochi,2017,36723,First,18.56,1995.0,190.0,5.0,64.76 Lakh,32.57,True,False,True,False,7,7
5009,Audi Q7 45 TDI Quattro Technology,Pune,2017,59500,First,14.75,2967.0,245.0,7.0,99.92 Lakh,68.0,True,False,True,False,7,7
5018,Honda Jazz VX Diesel,Hyderabad,2017,17151,First,27.3,1498.0,98.6,5.0,11.05 Lakh,8.4,True,False,False,True,7,7
5030,Maruti Vitara Brezza LDi,Kochi,2018,32539,First,24.3,1248.0,88.5,5.0,8.63 Lakh,8.39,True,False,False,True,6,6
5038,Land Rover Discovery Sport TD4 HSE 7S,Coimbatore,2019,24013,First,12.81,1999.0,148.31,7.0,69.22 Lakh,56.14,True,False,True,False,5,5
5049,Jeep Compass 2.0 Sport,Kolkata,2017,27000,First,17.1,1956.0,170.0,5.0,18.45 Lakh,15.0,True,False,False,True,7,7
5059,Maruti Vitara Brezza ZDi,Coimbatore,2017,58829,First,24.3,1248.0,88.5,5.0,9.89 Lakh,9.05,True,False,False,True,7,7
5062,Maruti Celerio LXI MT,Kolkata,2018,30000,First,23.1,998.0,67.04,5.0,4.87 Lakh,3.75,False,True,False,True,6,6
5078,Maruti Vitara Brezza ZDi,Coimbatore,2017,21789,First,24.3,1248.0,88.5,5.0,11 Lakh,9.88,True,False,False,True,7,7
5079,Hyundai Elite i20 Asta Option,Coimbatore,2019,21134,First,18.6,1197.0,81.86,5.0,9.78 Lakh,8.78,False,True,False,True,5,5
5086,Maruti Dzire VDI,Hyderabad,2013,68434,First,28.4,1248.0,73.75,5.0,9.14 Lakh,5.5,True,False,False,True,11,11
5087,Maruti Alto K10 VXI,Pune,2014,17000,First,24.07,998.0,67.1,5.0,4.48 Lakh,2.1,False,True,False,True,10,10
5090,Hyundai Verna CRDi 1.6 SX Option,Mumbai,2013,79225,First,22.0,1582.0,126.2,5.0,15.57 Lakh,5.5,True,False,False,True,11,11
5102,Maruti Wagon R VXI,Kochi,2019,31817,First,22.5,998.0,67.04,5.0,5.12 Lakh,5.34,False,True,False,True,5,5
5107,Mercedes-Benz GLE 250d,Hyderabad,2016,50000,First,17.9,2143.0,201.15,5.0,79.43 Lakh,49.0,True,False,True,False,8,8
5111,Tata Zest Quadrajet 1.3 75PS XE,Kolkata,2017,45000,First,22.95,1248.0,74.0,5.0,7.94 Lakh,3.75,True,False,False,True,7,7
5118,Mercedes-Benz GLE 350d,Bangalore,2016,28541,First,11.57,2987.0,254.79,5.0,95.13 Lakh,60.75,True,False,True,False,8,8
5127,Nissan Micra XV CVT,Kolkata,2011,44000,First,19.15,1198.0,75.94,5.0,8.73 Lakh,2.65,False,True,True,False,13,13
5133,Tata Zest Revotron 1.2 XT,Coimbatore,2015,27000,First,17.57,1193.0,88.7,5.0,8.69 Lakh,5.27,False,True,False,True,9,9
5135,Honda Jazz VX Diesel,Chennai,2016,14980,First,27.3,1498.0,98.6,5.0,10.81 Lakh,7.4,True,False,False,True,8,8
5166,Mercedes-Benz CLA 200 CDI Sport,Jaipur,2017,39000,First,17.9,2143.0,136.0,5.0,42.4 Lakh,27.0,True,False,True,False,7,7
5172,Toyota Corolla Altis 1.8 GL,Coimbatore,2015,53920,First,14.28,1798.0,138.03,5.0,23.37 Lakh,10.77,False,True,False,True,9,9
5175,BMW 5 Series 530d M Sport,Chennai,2010,58000,First,18.59,2993.0,265.0,5.0,79.78 Lakh,11.75,True,False,True,False,14,14
5181,Tata Zest Revotron 1.2T XM,Kochi,2015,39208,First,17.57,1193.0,88.7,5.0,7.63 Lakh,4.52,False,True,False,True,9,9
5183,Honda City i-VTEC VX,Coimbatore,2013,38622,First,17.4,1497.0,117.3,5.0,12.68 Lakh,6.26,False,True,False,True,11,11
5188,Hyundai Verna CRDi 1.6 AT SX Plus,Bangalore,2012,79000,First,22.0,1582.0,126.2,5.0,16.6 Lakh,5.25,True,False,True,False,12,12
5200,Renault KWID Climber 1.0 AMT,Coimbatore,2018,38171,Second,22.5,999.0,67.0,5.0,5.72 Lakh,4.99,False,True,True,False,6,6
5207,Renault KWID 1.0 RXT Optional AMT,Kochi,2017,53105,First,22.5,999.0,67.0,5.0,4.93 Lakh,4.41,False,True,True,False,7,7
5211,Mahindra Bolero ZLX,Coimbatore,2017,68557,First,15.96,2523.0,62.1,7.0,11.28 Lakh,8.14,True,False,False,True,7,7
5212,Volkswagen Vento 1.5 TDI Highline,Hyderabad,2016,34000,First,20.64,1498.0,108.5,5.0,14.2 Lakh,8.45,True,False,False,True,8,8
5229,BMW 3 Series 320d,Bangalore,2012,73000,First,22.69,1995.0,190.0,5.0,48.79 Lakh,12.5,True,False,True,False,12,12
5230,Ford EcoSport 1.5 Diesel Trend,Kochi,2017,63423,First,23.0,1498.0,98.96,5.0,10.42 Lakh,7.69,True,False,False,True,7,7
5237,Hyundai Creta 1.6 SX Option,Kochi,2018,53322,First,15.8,1591.0,121.3,5.0,16.06 Lakh,12.13,False,True,False,True,6,6
5241,Ford EcoSport 1.5 Petrol Titanium,Hyderabad,2017,21800,First,17.0,1497.0,121.36,5.0,11.27 Lakh,8.75,False,True,False,True,7,7
5249,Ford Freestyle Titanium Plus Petrol,Jaipur,2018,1001,First,19.0,1194.0,94.68,5.0,8.44 Lakh,7.23,False,True,False,True,6,6
5254,Hyundai Elantra 1.6 SX,Pune,2013,170000,First,22.54,1582.0,126.2,5.0,20.87 Lakh,7.5,True,False,False,True,11,11
5256,Maruti Vitara Brezza ZDi Plus Dual Tone,Pune,2016,85000,First,24.3,1248.0,88.5,5.0,11.96 Lakh,8.9,True,False,False,True,8,8
5260,Toyota Etios Cross 1.4L VD,Jaipur,2014,62322,First,23.59,1364.0,67.06,5.0,9.55 Lakh,4.9,True,False,False,True,10,10
5261,Maruti Alto K10 VXI,Kochi,2015,37929,First,24.07,998.0,67.1,5.0,4.09 Lakh,3.69,False,True,False,True,9,9
5262,Tata Tiago 1.2 Revotron XM Option,Chennai,2016,5400,First,23.84,1199.0,84.0,5.0,5.45 Lakh,3.98,False,True,False,True,8,8
5266,Volkswagen Ameo 1.2 MPI Highline,Kochi,2017,14576,First,17.0,1198.0,73.75,5.0,8.38 Lakh,6.69,False,True,False,True,7,7
5267,Honda BRV i-VTEC V CVT,Mumbai,2017,17000,First,16.0,1497.0,117.3,7.0,15.02 Lakh,9.5,False,True,True,False,7,7
5271,Maruti Celerio ZXI Optional AMT,Kochi,2018,12278,First,23.1,998.0,67.04,5.0,5.95 Lakh,5.63,False,True,True,False,6,6
5272,Hyundai Creta 1.6 SX,Coimbatore,2018,17665,First,15.8,1591.0,121.3,5.0,15.36 Lakh,11.78,False,True,False,True,6,6
5279,Tata Zest Revotron 1.2T XE,Kolkata,2017,65000,First,17.57,1193.0,88.7,5.0,6.59 Lakh,4.8,False,True,False,True,7,7
5280,Volkswagen Vento 1.6 Comfortline,Kolkata,2014,38000,First,16.09,1598.0,103.5,5.0,10.94 Lakh,3.49,False,True,False,True,10,10
5290,Volkswagen Polo 1.5 TDI Highline,Hyderabad,2016,29647,First,20.14,1498.0,88.0,5.0,10.15 Lakh,6.3,True,False,False,True,8,8
5291,Maruti Baleno RS Petrol,Kochi,2018,43639,First,21.1,998.0,100.0,5.0,9.83 Lakh,8.15,False,True,False,True,6,6
5304,BMW 3 Series Luxury Line,Bangalore,2017,21000,First,21.76,1995.0,190.0,5.0,62.07 Lakh,35.0,True,False,True,False,7,7
5308,Maruti Dzire VXI,Pune,2013,74000,First,22.0,1197.0,81.8,5.0,7.67 Lakh,4.5,False,True,False,True,11,11
5310,Volkswagen Polo 1.5 TDI Highline,Chennai,2017,25000,First,20.14,1498.0,88.0,5.0,9.97 Lakh,6.9,True,False,False,True,7,7
5313,Audi A6 35 TDI Matrix,Chennai,2015,20000,First,18.53,1968.0,187.74,5.0,67.67 Lakh,35.5,True,False,True,False,9,9
5314,Hyundai Grand i10 1.2 CRDi Sportz,Kochi,2018,32663,First,24.0,1186.0,73.97,5.0,8.18 Lakh,6.28,True,False,False,True,6,6
5316,Tata Bolt Quadrajet XE,Hyderabad,2016,100303,First,22.95,1248.0,74.0,5.0,7.43 Lakh,3.7,True,False,False,True,8,8
5321,Maruti Eeco 7 Seater Standard,Mumbai,2014,34670,First,15.1,1196.0,73.0,7.0,4.71 Lakh,2.9,False,True,False,True,10,10
5324,Hyundai Grand i10 1.2 CRDi Sportz,Delhi,2015,59261,First,24.0,1186.0,73.97,5.0,8.18 Lakh,4.25,True,False,False,True,9,9
5328,BMW 3 Series 320d Luxury Line,Hyderabad,2015,47000,First,22.69,1995.0,190.0,5.0,53.68 Lakh,29.5,True,False,True,False,9,9
5331,Ford Ecosport Signature Edition Diesel,Ahmedabad,2018,13000,First,23.0,1498.0,98.96,5.0,12.12 Lakh,10.9,True,False,False,True,6,6
5332,Maruti Celerio ZXI MT,Bangalore,2015,48808,First,23.1,998.0,67.04,5.0,6.05 Lakh,4.3,False,True,False,True,9,9
5339,Hyundai i20 Active SX Dual Tone Petrol,Pune,2019,1000,First,17.19,1197.0,81.86,5.0,10.25 Lakh,8.6,False,True,False,True,5,5
5350,Volkswagen Ameo 1.5 TDI Highline,Pune,2016,20000,First,21.66,1498.0,108.62,5.0,10.04 Lakh,6.75,True,False,False,True,8,8
5353,Volkswagen Polo GT TSI,Kochi,2015,26323,First,17.21,1197.0,103.5,5.0,10.83 Lakh,7.4,False,True,True,False,9,9
5357,Mahindra Bolero ZLX,Jaipur,2016,65000,First,15.96,2523.0,62.1,7.0,11.15 Lakh,7.21,True,False,False,True,8,8
5359,Hyundai Xcent 1.2 CRDi S,Kolkata,2017,51000,First,25.4,1186.0,73.97,5.0,8.23 Lakh,4.2,True,False,False,True,7,7
5366,Toyota Innova Crysta 2.4 GX MT,Hyderabad,2016,73000,First,13.68,2393.0,147.8,7.0,19.37 Lakh,16.5,True,False,False,True,8,8
5375,Maruti Swift LDI,Jaipur,2015,39437,First,28.4,1248.0,74.0,5.0,7.01 Lakh,5.15,True,False,False,True,9,9
5384,Tata Zest Revotron 1.2T XM,Mumbai,2014,36000,First,17.57,1193.0,88.7,5.0,7.63 Lakh,3.7,False,True,False,True,10,10
5393,Hyundai Grand i10 1.2 Kappa Magna,Pune,2010,45252,First,18.9,1197.0,81.86,5.0,6.8 Lakh,2.25,False,True,False,True,14,14
5396,Maruti Ertiga VDI,Kochi,2018,51236,First,25.47,1248.0,88.5,7.0,10.83 Lakh,8.49,True,False,False,True,6,6
5415,Maruti Dzire AMT VXI,Chennai,2017,42000,First,22.0,1197.0,81.8,5.0,8.13 Lakh,5.5,False,True,True,False,7,7
5419,Toyota Corolla Altis 1.8 VL CVT,Coimbatore,2016,82725,First,14.28,1798.0,138.03,5.0,25.27 Lakh,11.99,False,True,True,False,8,8
5420,BMW 3 Series Sport,Mumbai,2016,19000,Second,21.76,1995.0,190.0,5.0,57.3 Lakh,29.99,True,False,True,False,8,8
5427,Maruti Wagon R VXI AMT,Delhi,2016,30000,First,22.5,998.0,67.0,5.0,5.68 Lakh,4.25,False,True,True,False,8,8
5431,Maruti Vitara Brezza ZDi Plus Dual Tone,Delhi,2016,22000,First,24.3,1248.0,88.5,5.0,11.75 Lakh,8.25,True,False,False,True,8,8
5434,Honda WR-V Edge Edition i-VTEC S,Kochi,2019,13913,First,17.5,1199.0,88.7,5.0,9.36 Lakh,8.2,False,True,False,True,5,5
5447,Mercedes-Benz GLA Class 200 d Style,Kochi,2016,26212,First,17.9,2143.0,136.0,5.0,38.72 Lakh,24.46,True,False,True,False,8,8
5448,Tata Zest Revotron 1.2T XMS,Pune,2014,23500,Second,17.57,1193.0,88.7,5.0,7.7 Lakh,3.9,False,True,False,True,10,10
5450,Maruti Wagon R VXI AMT1.2,Mumbai,2015,26000,First,21.5,1197.0,81.8,5.0,6.43 Lakh,3.65,False,True,True,False,9,9
5451,Hyundai Xcent 1.2 CRDi S,Kolkata,2016,26000,First,25.4,1186.0,73.97,5.0,8.23 Lakh,5.0,True,False,False,True,8,8
5465,Maruti Wagon R VXI,Jaipur,2017,35362,First,22.5,998.0,67.04,5.0,5.44 Lakh,3.85,False,True,False,True,7,7
5470,BMW 3 Series 320d,Bangalore,2010,58000,First,22.69,1995.0,190.0,5.0,48.79 Lakh,11.5,True,False,True,False,14,14
5479,Renault KWID Climber 1.0 AMT,Chennai,2018,14000,First,22.5,999.0,67.0,5.0,5.67 Lakh,4.5,False,True,True,False,6,6
5484,Hyundai Creta 1.6 SX Option Diesel,Coimbatore,2016,47392,First,20.5,1582.0,126.2,5.0,19.18 Lakh,13.82,True,False,False,True,8,8
5507,Maruti Dzire LDI,Pune,2017,48000,First,28.4,1248.0,73.75,5.0,7.91 Lakh,6.0,True,False,False,True,7,7
5509,Renault KWID RXL,Jaipur,2016,26000,First,25.17,799.0,53.3,5.0,3.96 Lakh,2.55,False,True,False,True,8,8
5513,Maruti Alto K10 VXI,Jaipur,2016,35000,First,24.07,998.0,67.1,5.0,4.24 Lakh,3.0,False,True,False,True,8,8
5516,BMW X3 xDrive 20d Luxury Line,Mumbai,2018,1400,First,18.56,1995.0,190.0,5.0,70.55 Lakh,61.25,True,False,True,False,6,6
5518,Mini Cooper 3 DOOR S,Kochi,2016,21110,First,17.44,1998.0,189.08,4.0,39.27 Lakh,28.95,False,True,True,False,8,8
5527,Toyota Etios Liva 1.2 G,Coimbatore,2015,64005,First,17.71,1197.0,78.9,5.0,6.41 Lakh,4.57,False,True,False,True,9,9
5534,Nissan Micra XV CVT,Mumbai,2015,34895,First,19.15,1198.0,75.94,5.0,9.47 Lakh,4.6,False,True,True,False,9,9
5542,Toyota Innova Crysta 2.8 GX AT,Kochi,2017,20789,First,11.36,2755.0,171.5,7.0,20.74 Lakh,18.36,True,False,True,False,7,7
5545,Land Rover Range Rover Sport SE,Delhi,2014,47000,Second,12.65,2993.0,255.0,5.0,1.39 Cr,64.75,True,False,True,False,10,10
5558,BMW 5 Series 520d Luxury Line,Coimbatore,2016,75637,First,22.48,1995.0,190.0,5.0,71.82 Lakh,30.37,True,False,True,False,8,8
5560,Renault KWID RXT Optional,Kochi,2019,6568,First,25.17,799.0,53.3,5.0,4.78 Lakh,5.09,False,True,False,True,5,5
5564,BMW 3 Series 320d Luxury Line,Kochi,2016,62404,First,22.69,1995.0,190.0,5.0,54.43 Lakh,21.33,True,False,True,False,8,8
5568,BMW 3 Series Luxury Line,Coimbatore,2017,34232,First,21.76,1995.0,190.0,5.0,55.07 Lakh,35.84,True,False,True,False,7,7
5569,Honda CR-V Petrol 2WD,Chennai,2004,135000,Third,14.4,1997.0,152.0,5.0,33.51 Lakh,3.0,False,True,True,False,20,20
5570,Renault Duster 110PS Diesel RxZ AWD,Chennai,2012,80000,First,19.72,1461.0,108.45,5.0,15.94 Lakh,6.75,True,False,False,True,12,12
5582,Toyota Fortuner 2.8 2WD AT,Coimbatore,2019,28069,First,12.9,2755.0,174.5,7.0,34.45 Lakh,30.85,True,False,True,False,5,5
5604,Nissan Sunny XV D,Chennai,2012,70000,Second,22.71,1461.0,84.8,5.0,11.48 Lakh,4.0,True,False,False,True,12,12
5606,Maruti Wagon R ZXI AMT 1.2,Mumbai,2019,600,First,21.5,1197.0,81.8,5.0,6.8 Lakh,6.25,False,True,True,False,5,5
5625,Tata Tigor XE Diesel,Ahmedabad,2017,16235,First,24.7,1047.0,69.0,5.0,7.15 Lakh,5.5,True,False,False,True,7,7
5626,Skoda Superb Style 1.8 TSI AT,Kochi,2017,73641,First,14.67,1798.0,177.46,5.0,33.36 Lakh,17.08,False,True,True,False,7,7
5631,Hyundai Verna VTVT 1.6 AT SX Plus,Mumbai,2012,75059,First,17.0,1591.0,121.3,5.0,13.7 Lakh,4.25,False,True,True,False,12,12
5632,Toyota Etios 1.4 VXD,Pune,2018,3000,First,23.59,1364.0,67.04,5.0,10.63 Lakh,7.9,True,False,False,True,6,6
5644,Volkswagen Polo 1.5 TDI Highline,Coimbatore,2014,52951,First,20.14,1498.0,88.0,5.0,10.32 Lakh,5.65,True,False,False,True,10,10
5650,Maruti Eeco 7 Seater Standard,Delhi,2016,126000,First,15.1,1196.0,73.0,7.0,4.43 Lakh,2.2,False,True,False,True,8,8
5679,Volkswagen Vento 1.5 TDI Highline,Hyderabad,2017,28000,First,20.64,1498.0,108.5,5.0,14.2 Lakh,10.0,True,False,False,True,7,7
5680,Hyundai Grand i10 1.2 Kappa Magna,Delhi,2017,46000,First,18.9,1197.0,81.86,5.0,6.54 Lakh,4.75,False,True,False,True,7,7
5684,Maruti Baleno Zeta,Coimbatore,2018,33150,First,21.4,1197.0,83.1,5.0,8.71 Lakh,7.39,False,True,False,True,6,6
5695,Honda City i-VTEC VX,Ahmedabad,2012,34000,First,17.4,1497.0,117.3,5.0,12.68 Lakh,5.75,False,True,False,True,12,12
5708,Honda BRV i-VTEC V CVT,Mumbai,2017,16503,First,16.0,1497.0,117.3,7.0,15.02 Lakh,9.5,False,True,True,False,7,7
5715,Honda City i-VTEC CVT V,Kochi,2019,22321,First,18.0,1497.0,117.3,5.0,13.4 Lakh,11.66,False,True,True,False,5,5
5736,Mahindra KUV 100 G80 K8 Dual Tone,Delhi,2018,42000,First,18.15,1198.0,82.0,6.0,7.96 Lakh,5.5,False,True,False,True,6,6
5749,Honda City i-VTEC V,Kochi,2018,11732,First,17.4,1497.0,117.3,5.0,11.88 Lakh,10.07,False,True,False,True,6,6
5757,Toyota Innova Crysta 2.4 VX MT,Kolkata,2017,31000,First,13.68,2393.0,147.8,7.0,21.36 Lakh,16.95,True,False,False,True,7,7
5762,Volvo S60 D4 Momentum,Hyderabad,2014,51000,First,27.03,1969.0,190.0,5.0,45.67 Lakh,21.5,True,False,True,False,10,10
5765,Honda Brio 1.2 S Option MT,Delhi,2012,40315,First,18.5,1198.0,86.8,5.0,5.92 Lakh,2.75,False,True,False,True,12,12
5769,Tata Tiago 1.2 Revotron XZ,Coimbatore,2019,20712,First,23.84,1199.0,84.0,5.0,6.59 Lakh,6.94,False,True,False,True,5,5
5778,Nissan Terrano XL D Option,Kochi,2015,58817,First,19.87,1461.0,83.14,5.0,15.06 Lakh,6.25,True,False,False,True,9,9
5788,Tata Tiago 1.2 Revotron XZ,Hyderabad,2017,22000,First,23.84,1199.0,84.0,5.0,6.42 Lakh,4.8,False,True,False,True,7,7
5789,Renault KWID RXL,Kochi,2019,7858,First,25.17,799.0,53.3,5.0,4.04 Lakh,3.8,False,True,False,True,5,5
5795,Honda Amaze VX Petrol,Mumbai,2014,21000,First,19.5,1199.0,86.76,5.0,8.99 Lakh,4.75,False,True,False,True,10,10
5799,Volkswagen Vento 1.5 TDI Highline AT,Pune,2016,19000,First,21.5,1498.0,108.5,5.0,15.68 Lakh,10.0,True,False,True,False,8,8
5805,Skoda Rapid 1.6 MPI Ambition,Coimbatore,2019,21214,First,15.41,1598.0,103.52,5.0,12.44 Lakh,9.66,False,True,False,True,5,5
5808,Maruti Celerio VXI AMT,Kolkata,2016,30000,First,23.1,998.0,67.04,5.0,5.77 Lakh,3.8,False,True,True,False,8,8
5819,Renault KWID RXT Optional,Kochi,2017,21954,First,25.17,799.0,53.3,5.0,4.78 Lakh,3.7,False,True,False,True,7,7
5828,Nissan Micra XV CVT,Coimbatore,2017,54387,First,19.15,1198.0,75.94,5.0,9.51 Lakh,5.85,False,True,True,False,7,7
5829,Renault KWID RXT Optional,Mumbai,2018,1617,First,25.17,799.0,53.3,5.0,4.78 Lakh,4.29,False,True,False,True,6,6
5830,Honda City i-DTEC SV,Hyderabad,2015,82000,First,25.6,1498.0,98.6,5.0,13.33 Lakh,8.0,True,False,False,True,9,9
5854,Hyundai Grand i10 1.2 Kappa Sportz,Kochi,2016,28147,First,18.9,1197.0,81.86,5.0,6.62 Lakh,5.07,False,True,False,True,8,8
5864,Renault Duster 110PS Diesel RxZ,Bangalore,2014,70000,First,19.6,1461.0,108.45,5.0,15.01 Lakh,8.25,True,False,False,True,10,10
5867,Skoda Superb L&K 2.0 TDI AT,Mumbai,2017,35000,First,18.19,1968.0,174.5,5.0,40.73 Lakh,25.75,True,False,True,False,7,7
5872,Maruti Vitara Brezza ZDi Plus Dual Tone,Kochi,2017,21248,First,24.3,1248.0,88.5,5.0,11.75 Lakh,9.44,True,False,False,True,7,7
5875,Mercedes-Benz C-Class Progressive C 220d,Ahmedabad,2019,4000,First,0.0,1950.0,194.0,5.0,49.14 Lakh,35.0,True,False,True,False,5,5
5879,Mitsubishi Pajero Sport 4X4,Jaipur,2014,70000,Second,13.5,2477.0,175.56,7.0,33.21 Lakh,11.85,True,False,False,True,10,10
5894,Hyundai Creta 1.6 SX,Hyderabad,2018,9900,First,15.8,1591.0,121.3,5.0,14.72 Lakh,13.2,False,True,False,True,6,6
5905,Tata Zest Quadrajet 1.3 75PS XE,Hyderabad,2016,125000,First,22.95,1248.0,74.0,5.0,8.09 Lakh,4.6,True,False,False,True,8,8
5907,Renault Duster 110PS Diesel RxZ AMT,Coimbatore,2017,34686,First,19.6,1461.0,108.45,5.0,15.05 Lakh,11.86,True,False,True,False,7,7
5923,Skoda Superb Style 2.0 TDI AT,Mumbai,2017,42000,First,18.19,1968.0,174.5,5.0,36.94 Lakh,22.99,True,False,True,False,7,7
5928,Mahindra NuvoSport N6,Coimbatore,2018,37323,Second,17.45,1493.0,100.0,7.0,10.52 Lakh,7.29,True,False,False,True,6,6
5940,Maruti Dzire LDI,Pune,2018,27000,First,28.4,1248.0,73.75,5.0,7.91 Lakh,5.9,True,False,False,True,6,6
5941,Renault KWID RXL,Pune,2018,1000,First,25.17,799.0,53.3,5.0,4.45 Lakh,3.4,False,True,False,True,6,6
5947,Maruti Ertiga VXI AT Petrol,Mumbai,2017,28000,First,18.69,1462.0,103.0,7.0,10.65 Lakh,8.0,False,True,True,False,7,7
5959,Toyota Corolla Altis 1.8 G CVT,Delhi,2010,109703,Second,14.28,1798.0,138.03,5.0,20.46 Lakh,4.0,False,True,True,False,14,14
5964,Hyundai Verna VTVT 1.6 AT SX Option,Mumbai,2018,8000,First,17.0,1591.0,121.3,5.0,15.14 Lakh,12.85,False,True,True,False,6,6
5970,Mercedes-Benz GLA Class 200 Sport,Kochi,2018,17773,First,13.7,1991.0,183.0,5.0,39.22 Lakh,26.76,False,True,True,False,6,6
5971,Volkswagen Polo 1.5 TDI Highline,Hyderabad,2013,65000,Second,20.14,1498.0,88.0,5.0,10.15 Lakh,3.5,True,False,False,True,11,11
5974,Volkswagen Ameo 1.2 MPI Highline,Ahmedabad,2016,34005,First,17.0,1198.0,73.75,5.0,8.09 Lakh,5.75,False,True,False,True,8,8
5981,Maruti Baleno Alpha,Mumbai,2017,6000,First,21.4,1197.0,83.1,5.0,8.78 Lakh,7.5,False,True,False,True,7,7
5982,Tata Hexa XTA,Jaipur,2016,39000,First,17.6,2179.0,153.86,7.0,21 Lakh,13.5,True,False,True,False,8,8
5987,Tata Tiago 1.2 Revotron XT,Kochi,2017,15386,First,23.84,1199.0,84.0,5.0,5.56 Lakh,5.11,False,True,False,True,7,7
5989,Audi A4 35 TDI Premium Plus,Coimbatore,2013,58629,Second,18.25,1968.0,187.74,5.0,53.14 Lakh,16.52,True,False,True,False,11,11
5999,Tata Bolt Revotron XT,Chennai,2016,10000,First,17.57,1193.0,88.7,5.0,7.77 Lakh,4.0,False,True,False,True,8,8
6002,Volkswagen Vento 1.6 Highline,Mumbai,2011,38000,First,16.09,1598.0,103.5,5.0,11.91 Lakh,3.25,False,True,False,True,13,13
6005,Maruti Vitara Brezza VDi,Pune,2016,37208,First,24.3,1248.0,88.5,5.0,9.93 Lakh,7.43,True,False,False,True,8,8
6010,Honda Brio 1.2 VX MT,Delhi,2013,33746,First,18.5,1198.0,86.8,5.0,6.63 Lakh,3.2,False,True,False,True,11,11
6014,Maruti Swift VDI,Delhi,2014,27365,First,28.4,1248.0,74.0,5.0,7.88 Lakh,4.75,True,False,False,True,10,10
